SRS RGASoft 4.1.0 - Residual Gas Analyzer Software
Document Created on, Thursday, October 9, 2025 11:25:23 AM, Central Daylight Time
RGA ID, SRSRGA200VER0.24SN18194


Scan Mode, Analog
Number of Data Points, 3726
Units, Torr
Start Mass, 1, AMU
Stop Mass, 150, AMU
Points Per AMU, 25
Scan Rate, 5.00
Detector, Faraday Cup
Focus Voltage, 90, V
Ion Energy, 12, eV
Electron Energy, 70, eV
CEM Voltage, 0, V
CEM Gain, 1.145
Partial Pressure Sensitivity Factor, 5.64
Total Pressure Sensitivity Factor, 0.237
Filament Current, 1.60, mA


Analog Scan Data
----------------

              Mass (AMU),         Intensity (Torr)
                    1.00,               2.2961e-11
                    1.04,               2.6631e-11
                    1.08,               4.5816e-11
                    1.12,               1.1245e-10
                    1.16,               7.4126e-10
                    1.20,               6.3894e-09
                    1.24,               7.1040e-09
                    1.28,               2.7919e-09
                    1.32,               1.2949e-09
                    1.36,               7.4082e-10
                    1.40,               5.1585e-10
                    1.44,               5.0902e-10
                    1.48,               1.5284e-09
                    1.52,               5.4184e-09
                    1.56,               7.8337e-09
                    1.60,               8.7254e-09
                    1.64,               9.4860e-09
                    1.68,               1.0524e-08
                    1.72,               1.1246e-08
                    1.76,               1.1523e-08
                    1.80,               1.1243e-08
                    1.84,               1.0749e-08
                    1.88,               1.1245e-08
                    1.92,               1.1650e-08
                    1.96,               1.0869e-08
                    2.00,               1.0438e-08
                    2.04,               1.0441e-08
                    2.08,               9.3910e-09
                    2.12,               8.7936e-09
                    2.16,               8.5137e-09
                    2.20,               7.0544e-09
                    2.24,               5.9477e-09
                    2.28,               3.5382e-09
                    2.32,               1.4121e-09
                    2.36,               6.9395e-10
                    2.40,               4.1773e-10
                    2.44,               2.7966e-10
                    2.48,               1.8957e-10
                    2.52,               1.3963e-10
                    2.56,               1.0894e-10
                    2.60,               8.4433e-11
                    2.64,               6.4291e-11
                    2.68,               5.3369e-11
                    2.72,               4.4131e-11
                    2.76,               3.2340e-11
                    2.80,               3.0745e-11
                    2.84,               2.4628e-11
                    2.88,               2.1117e-11
                    2.92,               1.6702e-11
                    2.96,               1.2074e-11
                    3.00,               8.4397e-12
                    3.04,               1.2004e-11
                    3.08,               7.8901e-12
                    3.12,               9.8936e-12
                    3.16,               8.5106e-12
                    3.20,               4.2199e-12
                    3.24,               6.5071e-12
                    3.28,               7.4113e-12
                    3.32,               2.7837e-12
                    3.36,               3.2624e-12
                    3.40,              -4.4326e-13
                    3.44,              -1.6312e-12
                    3.48,               5.6028e-12
                    3.52,               5.0532e-12
                    3.56,               4.7695e-12
                    3.60,               1.4007e-12
                    3.64,               3.0674e-12
                    3.68,               2.4823e-13
                    3.72,               6.7908e-12
                    3.76,               2.8546e-12
                    3.80,               4.9113e-12
                    3.84,               8.6879e-13
                    3.88,              -4.1489e-12
                    3.92,              -2.9787e-12
                    3.96,              -3.3688e-13
                    4.00,              -4.9823e-12
                    4.04,              -1.4894e-12
                    4.08,              -1.1525e-12
                    4.12,              -3.8652e-12
                    4.16,               3.6702e-12
                    4.20,              -7.4468e-13
                    4.24,              -2.1277e-12
                    4.28,              -1.6312e-12
                    4.32,              -4.0071e-12
                    4.36,              -2.2376e-11
                    4.40,              -2.3475e-11
                    4.44,              -2.2730e-11
                    4.48,              -1.3067e-11
                    4.52,               1.6649e-11
                    4.56,               5.6915e-12
                    4.60,               1.1348e-12
                    4.64,               7.0922e-13
                    4.68,              -4.4326e-12
                    4.72,               7.2695e-13
                    4.76,              -1.5603e-12
                    4.80,              -4.9823e-12
                    4.84,               2.5709e-12
                    4.88,               8.8652e-14
                    4.92,               1.1879e-12
                    4.96,               9.2199e-13
                    5.00,              -1.9149e-12
                    5.04,              -6.2589e-12
                    5.08,              -1.7730e-13
                    5.12,              -1.1082e-11
                    5.16,              -3.0284e-11
                    5.20,              -2.2039e-11
                    5.24,              -2.3759e-11
                    5.28,              -2.1277e-11
                    5.32,               8.4752e-12
                    5.36,               3.8121e-12
                    5.40,               1.5426e-12
                    5.44,               1.8262e-12
                    5.48,              -2.4645e-12
                    5.52,               2.3759e-12
                    5.56,              -1.8440e-12
                    5.60,              -2.1809e-12
                    5.64,              -1.0638e-12
                    5.68,              -1.2943e-12
                    5.72,              -7.3759e-12
                    5.76,              -3.2447e-12
                    5.80,              -2.5904e-11
                    5.84,              -2.8191e-11
                    5.88,              -2.4770e-11
                    5.92,              -1.9982e-11
                    5.96,              -1.8032e-11
                    6.00,               7.6418e-12
                    6.04,               1.0319e-11
                    6.08,               8.1738e-12
                    6.12,               6.9149e-12
                    6.16,               7.9787e-13
                    6.20,               6.7908e-12
                    6.24,               5.4078e-12
                    6.28,               2.1631e-12
                    6.32,               1.1348e-12
                    6.36,              -3.7234e-12
                    6.40,              -1.5603e-11
                    6.44,              -2.5993e-11
                    6.48,              -2.1631e-11
                    6.52,              -1.2571e-11
                    6.56,               1.3404e-11
                    6.60,               7.8191e-12
                    6.64,               6.3652e-12
                    6.68,               9.7695e-12
                    6.72,               6.5071e-12
                    6.76,               7.5355e-12
                    6.80,               4.1667e-12
                    6.84,              -1.0638e-13
                    6.88,               4.4326e-13
                    6.92,               7.0922e-13
                    6.96,              -3.9362e-12
                    7.00,              -3.9362e-12
                    7.04,              -6.4539e-12
                    7.08,              -3.6472e-11
                    7.12,              -2.5869e-11
                    7.16,              -2.2589e-11
                    7.20,              -1.6879e-11
                    7.24,              -1.5975e-11
                    7.28,               9.5745e-12
                    7.32,               1.3475e-11
                    7.36,               1.4043e-11
                    7.40,               5.1241e-12
                    7.44,               5.2660e-12
                    7.48,               3.6702e-12
                    7.52,              -1.2943e-12
                    7.56,              -3.1915e-13
                    7.60,               1.1525e-12
                    7.64,              -1.7730e-13
                    7.68,               1.8972e-12
                    7.72,               1.7730e-14
                    7.76,              -1.7730e-12
                    7.80,               1.6844e-12
                    7.84,              -5.3191e-13
                    7.88,              -6.5603e-13
                    7.92,               2.0922e-12
                    7.96,              -3.6525e-12
                    8.00,              -4.3617e-12
                    8.04,               2.0390e-12
                    8.08,              -4.2908e-12
                    8.12,               1.1170e-12
                    8.16,               3.1206e-12
                    8.20,              -1.2943e-12
                    8.24,              -9.3972e-13
                    8.28,               3.8121e-12
                    8.32,              -1.9149e-12
                    8.36,               3.2624e-12
                    8.40,               1.8972e-12
                    8.44,              -3.0319e-12
                    8.48,               1.4007e-12
                    8.52,               3.7234e-13
                    8.56,              -1.2057e-12
                    8.60,              -2.0567e-12
                    8.64,              -1.7270e-11
                    8.68,              -3.3493e-11
                    8.72,              -2.2996e-11
                    8.76,              -2.1064e-11
                    8.80,              -1.5284e-11
                    8.84,              -1.3617e-11
                    8.88,              -1.5284e-11
                    8.92,              -1.2784e-11
                    8.96,               1.6862e-11
                    9.00,               4.5745e-12
                    9.04,               7.5355e-12
                    9.08,               2.4291e-12
                    9.12,              -4.2199e-12
                    9.16,               3.8121e-12
                    9.20,               3.4752e-12
                    9.24,               1.6135e-12
                    9.28,               3.6170e-12
                    9.32,               1.0638e-13
                    9.36,              -1.8972e-12
                    9.40,               4.6454e-12
                    9.44,               3.1206e-12
                    9.48,               4.2908e-12
                    9.52,               1.5426e-12
                    9.56,              -4.4326e-12
                    9.60,              -4.6454e-12
                    9.64,               1.2057e-12
                    9.68,              -2.8191e-12
                    9.72,              -1.0638e-12
                    9.76,              -1.6312e-12
                    9.80,              -4.5035e-12
                    9.84,               1.4184e-12
                    9.88,               3.8830e-12
                    9.92,              -1.5603e-12
                    9.96,              -1.0284e-12
                   10.00,              -4.2199e-12
                   10.04,              -2.9911e-11
                   10.08,              -2.3670e-11
                   10.12,              -1.9433e-11
                   10.16,              -6.5248e-12
                   10.20,               1.1933e-11
                   10.24,               5.4787e-12
                   10.28,               2.9965e-12
                   10.32,               9.1312e-12
                   10.36,               4.2199e-12
                   10.40,               4.8404e-12
                   10.44,              -1.7730e-12
                   10.48,              -3.5816e-12
                   10.52,              -3.7943e-12
                   10.56,              -3.7234e-12
                   10.60,              -3.9362e-12
                   10.64,              -9.2199e-13
                   10.68,              -3.1028e-12
                   10.72,              -5.8333e-12
                   10.76,               1.5957e-13
                   10.80,              -1.0106e-12
                   10.84,              -1.4894e-12
                   10.88,              -5.8511e-13
                   10.92,              -1.7730e-12
                   10.96,              -8.8652e-13
                   11.00,               6.7730e-12
                   11.04,              -9.2199e-13
                   11.08,               2.9787e-12
                   11.12,              -3.2447e-12
                   11.16,              -2.5106e-11
                   11.20,              -2.7092e-11
                   11.24,              -1.8262e-11
                   11.28,              -1.4876e-11
                   11.32,               1.8191e-11
                   11.36,               1.4043e-11
                   11.40,               9.4149e-12
                   11.44,               2.1862e-11
                   11.48,               4.9521e-11
                   11.52,               9.4805e-11
                   11.56,               1.5227e-10
                   11.60,               2.1530e-10
                   11.64,               2.7633e-10
                   11.68,               3.4330e-10
                   11.72,               3.8656e-10
                   11.76,               4.3399e-10
                   11.80,               4.7972e-10
                   11.84,               5.0397e-10
                   11.88,               5.2450e-10
                   11.92,               5.5541e-10
                   11.96,               5.5452e-10
                   12.00,               5.4598e-10
                   12.04,               5.3449e-10
                   12.08,               5.0743e-10
                   12.12,               4.7739e-10
                   12.16,               4.3663e-10
                   12.20,               3.6037e-10
                   12.24,               2.4741e-10
                   12.28,               1.6794e-10
                   12.32,               1.1514e-10
                   12.36,               8.9770e-11
                   12.40,               6.1773e-11
                   12.44,               5.0266e-11
                   12.48,               4.1454e-11
                   12.52,               3.2784e-11
                   12.56,               3.4167e-11
                   12.60,               4.0195e-11
                   12.64,               3.9309e-11
                   12.68,               4.0567e-11
                   12.72,               4.0869e-11
                   12.76,               4.0266e-11
                   12.80,               4.8174e-11
                   12.84,               5.1401e-11
                   12.88,               5.3050e-11
                   12.92,               5.7163e-11
                   12.96,               5.9060e-11
                   13.00,               5.6631e-11
                   13.04,               6.6613e-11
                   13.08,               6.3369e-11
                   13.12,               6.8706e-11
                   13.16,               6.8457e-11
                   13.20,               6.3972e-11
                   13.24,               6.9096e-11
                   13.28,               7.9131e-11
                   13.32,               9.3014e-11
                   13.36,               1.3775e-10
                   13.40,               2.2207e-10
                   13.44,               4.2004e-10
                   13.48,               1.1082e-09
                   13.52,               2.7868e-09
                   13.56,               4.7120e-09
                   13.60,               6.1929e-09
                   13.64,               7.1834e-09
                   13.68,               7.7022e-09
                   13.72,               8.3030e-09
                   13.76,               8.7806e-09
                   13.80,               9.0809e-09
                   13.84,               9.3336e-09
                   13.88,               9.4384e-09
                   13.92,               9.5035e-09
                   13.96,               9.3911e-09
                   14.00,               8.9075e-09
                   14.04,               8.6200e-09
                   14.08,               7.8411e-09
                   14.12,               7.0981e-09
                   14.16,               6.3272e-09
                   14.20,               3.4300e-09
                   14.24,               1.2794e-09
                   14.28,               6.5411e-10
                   14.32,               4.0739e-10
                   14.36,               2.7238e-10
                   14.40,               2.0275e-10
                   14.44,               1.5461e-10
                   14.48,               1.3713e-10
                   14.52,               1.3677e-10
                   14.56,               1.4780e-10
                   14.60,               1.7245e-10
                   14.64,               2.1282e-10
                   14.68,               2.3339e-10
                   14.72,               2.5929e-10
                   14.76,               2.8530e-10
                   14.80,               3.0227e-10
                   14.84,               3.2420e-10
                   14.88,               3.3940e-10
                   14.92,               3.4631e-10
                   14.96,               3.5465e-10
                   15.00,               3.5725e-10
                   15.04,               3.5149e-10
                   15.08,               3.5725e-10
                   15.12,               3.4642e-10
                   15.16,               3.3746e-10
                   15.20,               3.1830e-10
                   15.24,               2.6202e-10
                   15.28,               2.2106e-10
                   15.32,               2.3126e-10
                   15.36,               2.7193e-10
                   15.40,               4.0351e-10
                   15.44,               8.0709e-10
                   15.48,               2.1081e-09
                   15.52,               4.6146e-09
                   15.56,               7.1812e-09
                   15.60,               8.8005e-09
                   15.64,               1.0011e-08
                   15.68,               1.0789e-08
                   15.72,               1.1252e-08
                   15.76,               1.1997e-08
                   15.80,               1.2468e-08
                   15.84,               1.2625e-08
                   15.88,               1.3009e-08
                   15.92,               1.2959e-08
                   15.96,               1.2297e-08
                   16.00,               1.2128e-08
                   16.04,               1.1539e-08
                   16.08,               1.0316e-08
                   16.12,               9.6706e-09
                   16.16,               7.8166e-09
                   16.20,               3.3653e-09
                   16.24,               1.3972e-09
                   16.28,               8.8218e-10
                   16.32,               7.8580e-10
                   16.36,               9.2420e-10
                   16.40,               1.4245e-09
                   16.44,               3.2016e-09
                   16.48,               9.5979e-09
                   16.52,               1.8563e-08
                   16.56,               2.6572e-08
                   16.60,               3.2244e-08
                   16.64,               3.6110e-08
                   16.68,               4.0041e-08
                   16.72,               4.1933e-08
                   16.76,               4.3791e-08
                   16.80,               4.5063e-08
                   16.84,               4.4524e-08
                   16.88,               4.5247e-08
                   16.92,               4.7305e-08
                   16.96,               4.5104e-08
                   17.00,               4.2968e-08
                   17.04,               4.2330e-08
                   17.08,               3.7544e-08
                   17.12,               3.5536e-08
                   17.16,               3.0153e-08
                   17.20,               1.0901e-08
                   17.24,               3.0142e-09
                   17.28,               2.1173e-09
                   17.32,               2.4685e-09
                   17.36,               3.9375e-09
                   17.40,               6.9262e-09
                   17.44,               1.4952e-08
                   17.48,               4.0053e-08
                   17.52,               7.2671e-08
                   17.56,               1.0225e-07
                   17.60,               1.2841e-07
                   17.64,               1.4277e-07
                   17.68,               1.5682e-07
                   17.72,               1.6911e-07
                   17.76,               1.7554e-07
                   17.80,               1.8137e-07
                   17.84,               1.8300e-07
                   17.88,               1.8254e-07
                   17.92,               1.9052e-07
                   17.96,               1.8682e-07
                   18.00,               1.7633e-07
                   18.04,               1.7741e-07
                   18.08,               1.5887e-07
                   18.12,               1.4558e-07
                   18.16,               1.2589e-07
                   18.20,               4.0843e-08
                   18.24,               5.1129e-09
                   18.28,               1.6358e-09
                   18.32,               8.2223e-10
                   18.36,               5.1941e-10
                   18.40,               3.6199e-10
                   18.44,               2.6447e-10
                   18.48,               2.3152e-10
                   18.52,               2.4764e-10
                   18.56,               2.9688e-10
                   18.60,               3.7559e-10
                   18.64,               4.6463e-10
                   18.68,               5.4927e-10
                   18.72,               6.4353e-10
                   18.76,               7.1285e-10
                   18.80,               7.7236e-10
                   18.84,               8.0677e-10
                   18.88,               8.2500e-10
                   18.92,               8.5473e-10
                   18.96,               8.9349e-10
                   19.00,               8.7644e-10
                   19.04,               8.7160e-10
                   19.08,               8.5018e-10
                   19.12,               7.7436e-10
                   19.16,               7.2420e-10
                   19.20,               5.9869e-10
                   19.24,               4.0429e-10
                   19.28,               2.7424e-10
                   19.32,               1.9204e-10
                   19.36,               1.3454e-10
                   19.40,               1.1390e-10
                   19.44,               9.8067e-11
                   19.48,               1.0465e-10
                   19.52,               1.3268e-10
                   19.56,               1.8270e-10
                   19.60,               2.4349e-10
                   19.64,               3.2172e-10
                   19.68,               3.8778e-10
                   19.72,               4.4871e-10
                   19.76,               4.9771e-10
                   19.80,               5.3539e-10
                   19.84,               5.6901e-10
                   19.88,               5.9367e-10
                   19.92,               6.1121e-10
                   19.96,               6.2206e-10
                   20.00,               6.1486e-10
                   20.04,               6.0234e-10
                   20.08,               5.9470e-10
                   20.12,               5.6379e-10
                   20.16,               5.1254e-10
                   20.20,               3.9204e-10
                   20.24,               2.6395e-10
                   20.28,               1.7851e-10
                   20.32,               1.3583e-10
                   20.36,               9.5869e-11
                   20.40,               6.9911e-11
                   20.44,               5.2908e-11
                   20.48,               3.4610e-11
                   20.52,               2.6472e-11
                   20.56,               2.3901e-11
                   20.60,               1.8688e-11
                   20.64,               2.0319e-11
                   20.68,               1.5727e-11
                   20.72,               4.6454e-12
                   20.76,               7.6241e-12
                   20.80,               5.1950e-12
                   20.84,               4.2199e-12
                   20.88,               7.2695e-12
                   20.92,               4.9113e-12
                   20.96,               1.4007e-12
                   21.00,               7.6241e-12
                   21.04,               5.2482e-12
                   21.08,               8.5106e-12
                   21.12,               7.1986e-12
                   21.16,               2.0922e-12
                   21.20,              -2.1454e-12
                   21.24,               3.0674e-12
                   21.28,               1.2766e-12
                   21.32,               5.5319e-12
                   21.36,               3.3333e-12
                   21.40,              -2.6064e-12
                   21.44,               4.7872e-12
                   21.48,               9.6986e-12
                   21.52,               1.2855e-11
                   21.56,               1.6844e-11
                   21.60,               1.7128e-11
                   21.64,               1.6986e-11
                   21.68,               2.6418e-11
                   21.72,               2.4681e-11
                   21.76,               3.1543e-11
                   21.80,               3.2695e-11
                   21.84,               3.0532e-11
                   21.88,               2.8865e-11
                   21.92,               3.4752e-11
                   21.96,               3.3440e-11
                   22.00,               3.6507e-11
                   22.04,               3.2624e-11
                   22.08,               3.0887e-11
                   22.12,               3.4911e-11
                   22.16,               3.3440e-11
                   22.20,               2.7482e-11
                   22.24,               2.3972e-11
                   22.28,               1.8706e-11
                   22.32,               7.8901e-12
                   22.36,               1.1525e-11
                   22.40,               6.2411e-12
                   22.44,               4.5745e-12
                   22.48,               7.1277e-12
                   22.52,               6.2234e-12
                   22.56,               4.0248e-12
                   22.60,               7.3404e-12
                   22.64,              -1.3475e-12
                   22.68,              -6.5603e-13
                   22.72,              -2.3227e-12
                   22.76,              -8.5993e-12
                   22.80,              -2.8316e-11
                   22.84,              -1.7234e-11
                   22.88,              -1.5284e-11
                   22.92,               1.0567e-11
                   22.96,               7.7482e-12
                   23.00,               2.3050e-12
                   23.04,               3.9539e-12
                   23.08,               9.9291e-13
                   23.12,               3.5461e-14
                   23.16,              -2.3936e-12
                   23.20,              -1.5922e-11
                   23.24,              -3.3493e-11
                   23.28,              -2.3422e-11
                   23.32,              -2.1897e-11
                   23.36,              -3.1915e-12
                   23.40,               1.3067e-11
                   23.44,               5.0532e-12
                   23.48,               5.4787e-12
                   23.52,               7.2695e-12
                   23.56,               9.2199e-13
                   23.60,               2.3050e-12
                   23.64,               3.5461e-14
                   23.68,              -3.5284e-12
                   23.72,               3.9007e-12
                   23.76,               3.7411e-12
                   23.80,               9.3972e-13
                   23.84,               2.9965e-12
                   23.88,               5.8511e-13
                   23.92,              -1.2943e-12
                   23.96,               6.3652e-12
                   24.00,               9.3972e-13
                   24.04,               4.4326e-12
                   24.08,               5.5319e-12
                   24.12,               4.9645e-13
                   24.16,               7.8014e-13
                   24.20,               5.8156e-12
                   24.24,              -2.6064e-12
                   24.28,               3.7234e-13
                   24.32,              -4.2199e-12
                   24.36,              -1.9628e-11
                   24.40,              -2.2500e-11
                   24.44,              -1.9415e-11
                   24.48,              -9.4326e-12
                   24.52,               1.6844e-11
                   24.56,               9.8404e-12
                   24.60,               5.9574e-12
                   24.64,               1.2908e-11
                   24.68,               1.0745e-11
                   24.72,               1.7004e-11
                   24.76,               1.7837e-11
                   24.80,               1.4610e-11
                   24.84,               1.0674e-11
                   24.88,               1.7411e-11
                   24.92,               1.4876e-11
                   24.96,               1.5160e-11
                   25.00,               1.3883e-11
                   25.04,               1.0674e-11
                   25.08,               1.1933e-11
                   25.12,               1.4734e-11
                   25.16,               1.4876e-11
                   25.20,               1.5585e-11
                   25.24,               1.1028e-11
                   25.28,               4.5035e-12
                   25.32,               9.8404e-12
                   25.36,               6.9149e-12
                   25.40,               6.9149e-12
                   25.44,               4.8404e-12
                   25.48,               4.5745e-12
                   25.52,               7.8191e-12
                   25.56,               2.0035e-11
                   25.60,               2.6348e-11
                   25.64,               3.3794e-11
                   25.68,               3.8351e-11
                   25.72,               4.2199e-11
                   25.76,               5.5142e-11
                   25.80,               6.6064e-11
                   25.84,               6.8936e-11
                   25.88,               7.4858e-11
                   25.92,               7.6277e-11
                   25.96,               7.6755e-11
                   26.00,               8.9326e-11
                   26.04,               8.7872e-11
                   26.08,               9.0461e-11
                   26.12,               8.4681e-11
                   26.16,               8.2216e-11
                   26.20,               6.9096e-11
                   26.24,               6.2465e-11
                   26.28,               4.4273e-11
                   26.32,               4.0496e-11
                   26.36,               3.1472e-11
                   26.40,               2.1968e-11
                   26.44,               2.2394e-11
                   26.48,               2.3387e-11
                   26.52,               2.3688e-11
                   26.56,               3.3014e-11
                   26.60,               4.5035e-11
                   26.64,               5.7181e-11
                   26.68,               8.3457e-11
                   26.72,               1.0216e-10
                   26.76,               1.2222e-10
                   26.80,               1.4076e-10
                   26.84,               1.5996e-10
                   26.88,               1.7933e-10
                   26.92,               2.1044e-10
                   26.96,               2.2828e-10
                   27.00,               2.5851e-10
                   27.04,               2.9645e-10
                   27.08,               3.4642e-10
                   27.12,               4.2631e-10
                   27.16,               5.3970e-10
                   27.20,               6.6938e-10
                   27.24,               8.6504e-10
                   27.28,               1.1867e-09
                   27.32,               1.6552e-09
                   27.36,               2.3899e-09
                   27.40,               3.5978e-09
                   27.44,               5.5856e-09
                   27.48,               1.1783e-08
                   27.52,               2.6623e-08
                   27.56,               4.3475e-08
                   27.60,               6.0436e-08
                   27.64,               7.4141e-08
                   27.68,               8.6388e-08
                   27.72,               9.6916e-08
                   27.76,               1.0229e-07
                   27.80,               1.0391e-07
                   27.84,               1.0547e-07
                   27.88,               1.0623e-07
                   27.92,               1.0809e-07
                   27.96,               1.0422e-07
                   28.00,               1.0124e-07
                   28.04,               1.0373e-07
                   28.08,               9.1860e-08
                   28.12,               8.9589e-08
                   28.16,               6.5139e-08
                   28.20,               2.0222e-08
                   28.24,               4.1202e-09
                   28.28,               1.3370e-09
                   28.32,               6.9697e-10
                   28.36,               4.5098e-10
                   28.40,               3.2360e-10
                   28.44,               2.4785e-10
                   28.48,               2.1754e-10
                   28.52,               2.4124e-10
                   28.56,               3.0560e-10
                   28.60,               4.1410e-10
                   28.64,               5.4590e-10
                   28.68,               6.9316e-10
                   28.72,               8.5576e-10
                   28.76,               1.0109e-09
                   28.80,               1.1067e-09
                   28.84,               1.1716e-09
                   28.88,               1.2092e-09
                   28.92,               1.2342e-09
                   28.96,               1.2540e-09
                   29.00,               1.2301e-09
                   29.04,               1.2453e-09
                   29.08,               1.1913e-09
                   29.12,               1.1212e-09
                   29.16,               1.0196e-09
                   29.20,               7.3968e-10
                   29.24,               4.6498e-10
                   29.28,               3.1101e-10
                   29.32,               2.2005e-10
                   29.36,               1.5550e-10
                   29.40,               1.2406e-10
                   29.44,               1.0826e-10
                   29.48,               1.0431e-10
                   29.52,               1.3463e-10
                   29.56,               1.9246e-10
                   29.60,               2.7179e-10
                   29.64,               3.8051e-10
                   29.68,               4.9209e-10
                   29.72,               6.0149e-10
                   29.76,               7.0371e-10
                   29.80,               7.7140e-10
                   29.84,               8.1596e-10
                   29.88,               8.7048e-10
                   29.92,               8.9699e-10
                   29.96,               9.1255e-10
                   30.00,               9.1202e-10
                   30.04,               9.1078e-10
                   30.08,               8.7408e-10
                   30.12,               8.4207e-10
                   30.16,               7.3890e-10
                   30.20,               5.4142e-10
                   30.24,               3.5739e-10
                   30.28,               2.4051e-10
                   30.32,               1.7647e-10
                   30.36,               1.2750e-10
                   30.40,               9.3954e-11
                   30.44,               7.3475e-11
                   30.48,               6.1064e-11
                   30.52,               4.9894e-11
                   30.56,               5.2376e-11
                   30.60,               4.5018e-11
                   30.64,               5.1028e-11
                   30.68,               4.9504e-11
                   30.72,               4.7713e-11
                   30.76,               5.3298e-11
                   30.80,               6.2128e-11
                   30.84,               6.5213e-11
                   30.88,               7.6294e-11
                   30.92,               8.7660e-11
                   30.96,               1.0578e-10
                   31.00,               1.3592e-10
                   31.04,               1.7427e-10
                   31.08,               2.2658e-10
                   31.12,               2.8849e-10
                   31.16,               3.5365e-10
                   31.20,               4.4379e-10
                   31.24,               6.0110e-10
                   31.28,               8.2087e-10
                   31.32,               1.1579e-09
                   31.36,               1.6082e-09
                   31.40,               2.2375e-09
                   31.44,               3.4944e-09
                   31.48,               7.3777e-09
                   31.52,               1.6080e-08
                   31.56,               2.6555e-08
                   31.60,               3.5186e-08
                   31.64,               4.1977e-08
                   31.68,               5.2743e-08
                   31.72,               5.9117e-08
                   31.76,               6.1412e-08
                   31.80,               6.3192e-08
                   31.84,               6.4241e-08
                   31.88,               6.5764e-08
                   31.92,               6.4973e-08
                   31.96,               6.2647e-08
                   32.00,               6.3702e-08
                   32.04,               6.1701e-08
                   32.08,               5.4582e-08
                   32.12,               5.2556e-08
                   32.16,               2.8285e-08
                   32.20,               9.3811e-09
                   32.24,               2.2973e-09
                   32.28,               9.2385e-10
                   32.32,               5.2651e-10
                   32.36,               3.5475e-10
                   32.40,               2.5174e-10
                   32.44,               1.8514e-10
                   32.48,               1.4232e-10
                   32.52,               1.1011e-10
                   32.56,               9.0461e-11
                   32.60,               8.8759e-11
                   32.64,               8.0000e-11
                   32.68,               7.9681e-11
                   32.72,               8.1259e-11
                   32.76,               8.0709e-11
                   32.80,               7.8901e-11
                   32.84,               8.6117e-11
                   32.88,               8.5071e-11
                   32.92,               9.0621e-11
                   32.96,               9.0213e-11
                   33.00,               8.5089e-11
                   33.04,               8.7004e-11
                   33.08,               8.7323e-11
                   33.12,               8.3493e-11
                   33.16,               8.1755e-11
                   33.20,               6.7713e-11
                   33.24,               5.1862e-11
                   33.28,               4.8316e-11
                   33.32,               3.5337e-11
                   33.36,               3.1613e-11
                   33.40,               2.8422e-11
                   33.44,               2.2961e-11
                   33.48,               2.3812e-11
                   33.52,               3.7110e-11
                   33.56,               4.5035e-11
                   33.60,               6.3848e-11
                   33.64,               8.1613e-11
                   33.68,               1.0690e-10
                   33.72,               1.4282e-10
                   33.76,               1.6791e-10
                   33.80,               1.8984e-10
                   33.84,               2.0872e-10
                   33.88,               2.1800e-10
                   33.92,               2.2622e-10
                   33.96,               2.3812e-10
                   34.00,               2.3918e-10
                   34.04,               2.4152e-10
                   34.08,               2.3559e-10
                   34.12,               2.2613e-10
                   34.16,               2.0762e-10
                   34.20,               1.7071e-10
                   34.24,               1.2193e-10
                   34.28,               8.8422e-11
                   34.32,               6.5691e-11
                   34.36,               4.6011e-11
                   34.40,               3.7837e-11
                   34.44,               3.0390e-11
                   34.48,               2.1667e-11
                   34.52,               1.4326e-11
                   34.56,               1.0532e-11
                   34.60,               6.3652e-12
                   34.64,               8.9362e-12
                   34.68,               5.3901e-12
                   34.72,               4.9113e-12
                   34.76,               4.8404e-12
                   34.80,               4.8404e-12
                   34.84,               2.1099e-12
                   34.88,               7.0567e-12
                   34.92,               1.4184e-12
                   34.96,               2.7128e-12
                   35.00,               3.1206e-12
                   35.04,              -4.5035e-12
                   35.08,              -2.9202e-11
                   35.12,              -2.1064e-11
                   35.16,              -1.7429e-11
                   35.20,               4.2199e-12
                   35.24,               1.8280e-11
                   35.28,               1.0887e-11
                   35.32,               1.7695e-11
                   35.36,               1.4894e-11
                   35.40,               9.6277e-12
                   35.44,               8.8652e-12
                   35.48,               6.9149e-12
                   35.52,               4.9291e-12
                   35.56,               1.0532e-11
                   35.60,               6.3652e-12
                   35.64,               8.6525e-12
                   35.68,               7.1986e-12
                   35.72,               3.8121e-12
                   35.76,               6.8617e-12
                   35.80,               1.2695e-11
                   35.84,               1.0124e-11
                   35.88,               1.4734e-11
                   35.92,               1.9113e-11
                   35.96,               1.8121e-11
                   36.00,               2.3475e-11
                   36.04,               2.4113e-11
                   36.08,               2.0745e-11
                   36.12,               1.5869e-11
                   36.16,               9.9823e-12
                   36.20,               7.6064e-12
                   36.24,               9.6986e-12
                   36.28,               6.2943e-12
                   36.32,               7.6064e-12
                   36.36,               3.5284e-12
                   36.40,              -1.7730e-12
                   36.44,              -4.9291e-12
                   36.48,               5.8511e-13
                   36.52,              -3.9362e-12
                   36.56,              -1.4894e-12
                   36.60,              -2.8901e-12
                   36.64,              -3.0319e-12
                   36.68,               1.0461e-12
                   36.72,               4.2199e-12
                   36.76,               3.8121e-12
                   36.80,               6.9149e-12
                   36.84,               4.8404e-12
                   36.88,               4.6986e-12
                   36.92,               1.0674e-11
                   36.96,               8.2270e-12
                   37.00,               9.6986e-12
                   37.04,               1.0177e-11
                   37.08,               6.9149e-12
                   37.12,               8.6525e-12
                   37.16,               1.3759e-11
                   37.20,               9.6277e-12
                   37.24,               9.2021e-12
                   37.28,               3.7411e-12
                   37.32,               5.8511e-13
                   37.36,               2.4468e-12
                   37.40,               3.2624e-12
                   37.44,               1.3475e-12
                   37.48,               4.4326e-12
                   37.52,               3.4043e-12
                   37.56,              -3.3156e-12
                   37.60,               1.1879e-12
                   37.64,              -3.5461e-14
                   37.68,               5.3369e-12
                   37.72,               7.9610e-12
                   37.76,               5.6738e-12
                   37.80,               8.5816e-12
                   37.84,               1.2695e-11
                   37.88,               9.3440e-12
                   37.92,               1.1791e-11
                   37.96,               9.2730e-12
                   38.00,               4.8404e-12
                   38.04,               6.0993e-12
                   38.08,               1.1507e-11
                   38.12,               1.0106e-11
                   38.16,               1.3191e-11
                   38.20,               1.0745e-11
                   38.24,               6.9149e-12
                   38.28,               1.1649e-11
                   38.32,               6.8617e-12
                   38.36,               3.4043e-12
                   38.40,               3.1915e-12
                   38.44,               1.4716e-12
                   38.48,              -2.1986e-12
                   38.52,               3.3333e-12
                   38.56,               3.1915e-12
                   38.60,               6.4362e-12
                   38.64,               7.1986e-12
                   38.68,               6.6312e-12
                   38.72,               9.5745e-12
                   38.76,               2.1312e-11
                   38.80,               2.2323e-11
                   38.84,               2.9876e-11
                   38.88,               3.3298e-11
                   38.92,               3.6294e-11
                   38.96,               4.7128e-11
                   39.00,               5.5035e-11
                   39.04,               5.8688e-11
                   39.08,               6.2748e-11
                   39.12,               6.6064e-11
                   39.16,               6.1968e-11
                   39.20,               6.8617e-11
                   39.24,               6.0745e-11
                   39.28,               6.3369e-11
                   39.32,               6.5213e-11
                   39.36,               6.7996e-11
                   39.40,               7.8688e-11
                   39.44,               1.0218e-10
                   39.48,               1.3550e-10
                   39.52,               2.3888e-10
                   39.56,               4.3255e-10
                   39.60,               6.8791e-10
                   39.64,               1.0436e-09
                   39.68,               1.5314e-09
                   39.72,               1.9719e-09
                   39.76,               2.2478e-09
                   39.80,               2.4284e-09
                   39.84,               2.5828e-09
                   39.88,               2.8429e-09
                   39.92,               2.8355e-09
                   39.96,               2.8183e-09
                   40.00,               2.7677e-09
                   40.04,               2.6745e-09
                   40.08,               2.6102e-09
                   40.12,               2.2946e-09
                   40.16,               1.5006e-09
                   40.20,               8.8137e-10
                   40.24,               5.1348e-10
                   40.28,               3.2266e-10
                   40.32,               2.2230e-10
                   40.36,               1.6193e-10
                   40.40,               1.1402e-10
                   40.44,               8.6082e-11
                   40.48,               6.4379e-11
                   40.52,               5.1028e-11
                   40.56,               4.8014e-11
                   40.60,               3.9309e-11
                   40.64,               3.6294e-11
                   40.68,               3.9379e-11
                   40.72,               3.9379e-11
                   40.76,               4.2199e-11
                   40.80,               5.5018e-11
                   40.84,               5.5018e-11
                   40.88,               6.6135e-11
                   40.92,               6.7996e-11
                   40.96,               6.8475e-11
                   41.00,               7.1738e-11
                   41.04,               7.5337e-11
                   41.08,               7.3617e-11
                   41.12,               7.4557e-11
                   41.16,               7.0337e-11
                   41.20,               6.4291e-11
                   41.24,               5.8298e-11
                   41.28,               4.3121e-11
                   41.32,               3.1028e-11
                   41.36,               2.3830e-11
                   41.40,               1.6294e-11
                   41.44,               1.2074e-11
                   41.48,               1.6578e-11
                   41.52,               6.9149e-12
                   41.56,               9.6986e-12
                   41.60,               1.2624e-11
                   41.64,               1.2216e-11
                   41.68,               1.9273e-11
                   41.72,               2.4823e-11
                   41.76,               2.5762e-11
                   41.80,               3.2411e-11
                   41.84,               3.5337e-11
                   41.88,               3.6294e-11
                   41.92,               4.6383e-11
                   41.96,               5.2979e-11
                   42.00,               5.2606e-11
                   42.04,               5.5869e-11
                   42.08,               5.1844e-11
                   42.12,               5.1082e-11
                   42.16,               5.7766e-11
                   42.20,               4.8918e-11
                   42.24,               4.3085e-11
                   42.28,               3.1543e-11
                   42.32,               2.0390e-11
                   42.36,               1.7908e-11
                   42.40,               1.5727e-11
                   42.44,               1.0195e-11
                   42.48,               1.2358e-11
                   42.52,               1.2358e-11
                   42.56,               8.7943e-12
                   42.60,               1.6170e-11
                   42.64,               2.4965e-11
                   42.68,               2.7642e-11
                   42.72,               3.8493e-11
                   42.76,               4.5922e-11
                   42.80,               5.4433e-11
                   42.84,               7.2234e-11
                   42.88,               7.6294e-11
                   42.92,               9.0071e-11
                   42.96,               9.7908e-11
                   43.00,               1.0576e-10
                   43.04,               1.1248e-10
                   43.08,               1.2771e-10
                   43.12,               1.2933e-10
                   43.16,               1.3798e-10
                   43.20,               1.3043e-10
                   43.24,               1.1833e-10
                   43.28,               1.1289e-10
                   43.32,               1.1323e-10
                   43.36,               1.1582e-10
                   43.40,               1.2312e-10
                   43.44,               1.3644e-10
                   43.48,               1.5965e-10
                   43.52,               2.2317e-10
                   43.56,               3.5351e-10
                   43.60,               6.2043e-10
                   43.64,               1.0659e-09
                   43.68,               1.6426e-09
                   43.72,               2.3015e-09
                   43.76,               3.0202e-09
                   43.80,               3.4102e-09
                   43.84,               3.6937e-09
                   43.88,               3.9624e-09
                   43.92,               4.2234e-09
                   43.96,               4.3118e-09
                   44.00,               4.3272e-09
                   44.04,               4.1130e-09
                   44.08,               4.0268e-09
                   44.12,               3.9149e-09
                   44.16,               2.8507e-09
                   44.20,               1.7839e-09
                   44.24,               9.7548e-10
                   44.28,               5.4713e-10
                   44.32,               3.4500e-10
                   44.36,               2.3191e-10
                   44.40,               1.5988e-10
                   44.44,               1.2938e-10
                   44.48,               9.5833e-11
                   44.52,               7.5904e-11
                   44.56,               5.8848e-11
                   44.60,               4.7411e-11
                   44.64,               4.6968e-11
                   44.68,               4.9362e-11
                   44.72,               4.5319e-11
                   44.76,               5.1613e-11
                   44.80,               5.3050e-11
                   44.84,               5.1915e-11
                   44.88,               5.8156e-11
                   44.92,               6.0284e-11
                   44.96,               6.4291e-11
                   45.00,               6.8777e-11
                   45.04,               6.5904e-11
                   45.08,               6.1667e-11
                   45.12,               6.8777e-11
                   45.16,               6.3067e-11
                   45.20,               5.8387e-11
                   45.24,               4.7730e-11
                   45.28,               3.1631e-11
                   45.32,               2.6348e-11
                   45.36,               2.8138e-11
                   45.40,               1.8972e-11
                   45.44,               1.5160e-11
                   45.48,               9.6986e-12
                   45.52,               4.5035e-12
                   45.56,               1.0691e-11
                   45.60,               1.2571e-11
                   45.64,               1.5160e-11
                   45.68,               1.7128e-11
                   45.72,               1.6560e-11
                   45.76,               1.7695e-11
                   45.80,               2.7571e-11
                   45.84,               2.5762e-11
                   45.88,               3.2199e-11
                   45.92,               3.4238e-11
                   45.96,               3.2926e-11
                   46.00,               3.5124e-11
                   46.04,               4.3528e-11
                   46.08,               4.2500e-11
                   46.12,               4.4574e-11
                   46.16,               3.9167e-11
                   46.20,               3.1028e-11
                   46.24,               2.9450e-11
                   46.28,               2.1684e-11
                   46.32,               1.7270e-11
                   46.36,               1.6277e-11
                   46.40,               1.0195e-11
                   46.44,               4.5745e-12
                   46.48,               5.9397e-12
                   46.52,               8.6879e-13
                   46.56,               2.0213e-12
                   46.60,               4.0248e-12
                   46.64,               3.6879e-12
                   46.68,               2.0922e-12
                   46.72,               7.4113e-12
                   46.76,               1.6844e-12
                   46.80,               3.4752e-12
                   46.84,               2.3050e-12
                   46.88,              -9.2199e-13
                   46.92,               2.7837e-12
                   46.96,               2.4468e-12
                   47.00,               6.5603e-13
                   47.04,               3.5461e-12
                   47.08,               3.8121e-12
                   47.12,               2.1809e-12
                   47.16,               7.8901e-12
                   47.20,               5.7447e-12
                   47.24,               7.1986e-12
                   47.28,               6.0816e-12
                   47.32,               4.8404e-12
                   47.36,               1.4894e-12
                   47.40,               5.1950e-12
                   47.44,               2.0922e-12
                   47.48,               4.2908e-12
                   47.52,               4.2908e-12
                   47.56,               4.6099e-13
                   47.60,               3.1915e-12
                   47.64,               4.9823e-12
                   47.68,               3.6702e-12
                   47.72,               5.1241e-12
                   47.76,               1.6844e-12
                   47.80,              -1.3475e-12
                   47.84,               3.2624e-12
                   47.88,               1.4007e-12
                   47.92,               1.7553e-12
                   47.96,               2.5709e-12
                   48.00,               3.4043e-12
                   48.04,               1.7553e-12
                   48.08,               8.9362e-12
                   48.12,               7.4645e-12
                   48.16,               9.3440e-12
                   48.20,               7.9610e-12
                   48.24,               3.5461e-12
                   48.28,               4.9823e-12
                   48.32,               4.8582e-12
                   48.36,              -1.2234e-12
                   48.40,               3.0496e-12
                   48.44,              -9.3972e-13
                   48.48,              -5.7624e-12
                   48.52,               7.0922e-13
                   48.56,               8.6879e-13
                   48.60,              -1.0638e-13
                   48.64,              -1.7730e-13
                   48.68,              -1.2057e-12
                   48.72,              -3.5284e-12
                   48.76,               3.1206e-12
                   48.80,              -2.4645e-12
                   48.84,               4.4326e-13
                   48.88,               1.7730e-13
                   48.92,              -1.2766e-12
                   48.96,              -5.3191e-13
                   49.00,               4.9113e-12
                   49.04,               4.2376e-12
                   49.08,               5.5319e-12
                   49.12,               2.3759e-12
                   49.16,               2.2340e-12
                   49.20,               4.8404e-12
                   49.24,               1.8085e-12
                   49.28,               7.2695e-13
                   49.32,               2.1631e-12
                   49.36,              -1.3475e-12
                   49.40,              -4.7163e-12
                   49.44,              -3.1915e-13
                   49.48,              -2.7482e-12
                   49.52,               1.7730e-13
                   49.56,               1.8262e-12
                   49.60,              -1.2411e-13
                   49.64,              -2.6950e-12
                   49.68,               3.8121e-12
                   49.72,              -1.3475e-12
                   49.76,               6.5603e-13
                   49.80,               1.0106e-12
                   49.84,              -1.7730e-12
                   49.88,               4.2553e-13
                   49.92,               3.6170e-12
                   49.96,               2.5709e-12
                   50.00,               5.4078e-12
                   50.04,               3.8830e-12
                   50.08,               2.9255e-12
                   50.12,               8.7943e-12
                   50.16,               2.6596e-12
                   50.20,               1.8262e-12
                   50.24,               6.5603e-13
                   50.28,              -3.3156e-12
                   50.32,              -4.9113e-12
                   50.36,              -3.5461e-14
                   50.40,              -2.6064e-12
                   50.44,               5.1418e-13
                   50.48,              -1.9149e-12
                   50.52,              -2.8901e-12
                   50.56,               1.6135e-12
                   50.60,               1.9681e-12
                   50.64,              -1.0106e-12
                   50.68,               3.7234e-13
                   50.72,              -1.2057e-12
                   50.76,              -1.6312e-12
                   50.80,               6.3652e-12
                   50.84,               2.7128e-12
                   50.88,               6.2943e-12
                   50.92,               9.1312e-12
                   50.96,               1.0887e-11
                   51.00,               9.2021e-12
                   51.04,               1.5585e-11
                   51.08,               6.5603e-12
                   51.12,               7.3404e-12
                   51.16,               6.9149e-12
                   51.20,              -1.0638e-13
                   51.24,               3.7589e-12
                   51.28,               8.5106e-12
                   51.32,               4.6454e-12
                   51.36,               8.7943e-12
                   51.40,               5.4610e-12
                   51.44,              -1.8440e-12
                   51.48,               4.0957e-12
                   51.52,               3.1383e-12
                   51.56,               4.7163e-12
                   51.60,               6.3652e-12
                   51.64,               8.5106e-13
                   51.68,              -1.2057e-12
                   51.72,               9.3440e-12
                   51.76,               6.0816e-12
                   51.80,               9.6277e-12
                   51.84,               6.5071e-12
                   51.88,               1.6844e-12
                   51.92,               1.4184e-12
                   51.96,               8.7943e-12
                   52.00,               6.2234e-12
                   52.04,               6.2234e-12
                   52.08,               5.8156e-12
                   52.12,               6.5603e-13
                   52.16,               3.1915e-12
                   52.20,               3.5993e-12
                   52.24,               3.4043e-12
                   52.28,               2.0922e-12
                   52.32,              -3.9007e-13
                   52.36,              -2.0567e-12
                   52.40,               2.8546e-12
                   52.44,              -3.0319e-12
                   52.48,              -9.2199e-13
                   52.52,               1.2057e-12
                   52.56,              -1.3475e-12
                   52.60,               1.4007e-12
                   52.64,               3.3333e-12
                   52.68,              -3.0142e-13
                   52.72,               3.1206e-12
                   52.76,               1.7730e-13
                   52.80,              -3.1028e-12
                   52.84,               3.6170e-12
                   52.88,               3.6702e-12
                   52.92,               4.2908e-12
                   52.96,               5.6738e-12
                   53.00,               2.7128e-12
                   53.04,              -1.2057e-12
                   53.08,               5.0532e-12
                   53.12,               1.8262e-12
                   53.16,               6.0816e-12
                   53.20,               5.2482e-12
                   53.24,               9.9291e-13
                   53.28,               1.6844e-12
                   53.32,               5.1241e-12
                   53.36,              -2.0567e-12
                   53.40,              -6.5603e-13
                   53.44,              -3.9362e-12
                   53.48,              -2.5230e-11
                   53.52,              -2.3333e-11
                   53.56,              -1.4876e-11
                   53.60,              -6.3830e-12
                   53.64,               1.9273e-11
                   53.68,               1.4096e-11
                   53.72,               8.3688e-12
                   53.76,               1.2571e-11
                   53.80,               5.6738e-12
                   53.84,               6.2234e-12
                   53.88,               6.2234e-12
                   53.92,               4.2908e-12
                   53.96,               2.6418e-12
                   54.00,               9.6986e-12
                   54.04,               3.3333e-12
                   54.08,               7.8901e-12
                   54.12,               7.4645e-12
                   54.16,               1.0638e-12
                   54.20,               5.9574e-12
                   54.24,               7.3404e-12
                   54.28,               4.0248e-12
                   54.32,               4.0957e-12
                   54.36,               2.3050e-12
                   54.40,               7.8014e-13
                   54.44,               2.1631e-12
                   54.48,              -1.9149e-12
                   54.52,               1.6135e-12
                   54.56,               7.2695e-13
                   54.60,              -1.9858e-12
                   54.64,              -6.5603e-13
                   54.68,               4.2199e-12
                   54.72,               1.8262e-12
                   54.76,               3.8121e-12
                   54.80,               4.7695e-12
                   54.84,               3.8121e-12
                   54.88,               7.3404e-12
                   54.92,               1.1507e-11
                   54.96,               8.4397e-12
                   55.00,               1.1933e-11
                   55.04,               1.2358e-11
                   55.08,               8.7234e-12
                   55.12,               1.3617e-11
                   55.16,               1.4167e-11
                   55.20,               1.5160e-11
                   55.24,               1.2145e-11
                   55.28,               7.6241e-12
                   55.32,               5.9574e-12
                   55.36,               9.6986e-12
                   55.40,               2.9255e-12
                   55.44,               4.1667e-12
                   55.48,               5.1241e-12
                   55.52,               3.1206e-12
                   55.56,               2.2340e-12
                   55.60,               3.9539e-12
                   55.64,               1.2766e-12
                   55.68,               3.5461e-12
                   55.72,               4.2908e-12
                   55.76,               1.6844e-12
                   55.80,               7.1277e-12
                   55.84,               6.0284e-12
                   55.88,               3.8121e-12
                   55.92,               4.9823e-12
                   55.96,               5.9397e-12
                   56.00,               6.5071e-12
                   56.04,               1.3191e-11
                   56.08,               9.3440e-12
                   56.12,               1.1099e-11
                   56.16,               8.6525e-12
                   56.20,               6.2234e-12
                   56.24,               8.6525e-12
                   56.28,               1.0195e-11
                   56.32,               4.6454e-12
                   56.36,               4.0957e-12
                   56.40,               2.9965e-12
                   56.44,               2.7128e-12
                   56.48,               6.7908e-12
                   56.52,               5.9574e-12
                   56.56,               6.2234e-12
                   56.60,               7.1986e-12
                   56.64,               5.4078e-12
                   56.68,               2.3759e-12
                   56.72,               1.0957e-11
                   56.76,               3.5461e-12
                   56.80,               4.0957e-12
                   56.84,               2.5709e-12
                   56.88,               3.6702e-12
                   56.92,               6.0284e-12
                   56.96,               1.1099e-11
                   57.00,               7.8901e-12
                   57.04,               1.0887e-11
                   57.08,               1.1082e-11
                   57.12,               8.7234e-12
                   57.16,               1.2358e-11
                   57.20,               1.1241e-11
                   57.24,               1.0195e-11
                   57.28,               9.2021e-12
                   57.32,               7.2695e-12
                   57.36,               4.9823e-12
                   57.40,               1.0532e-11
                   57.44,               3.1383e-12
                   57.48,               4.0957e-12
                   57.52,               3.5461e-12
                   57.56,               2.0922e-12
                   57.60,               1.1348e-12
                   57.64,               5.1950e-12
                   57.68,               5.8511e-13
                   57.72,               3.4752e-12
                   57.76,               2.0922e-12
                   57.80,              -1.7730e-12
                   57.84,               1.4007e-12
                   57.88,               3.5461e-12
                   57.92,               5.3369e-12
                   57.96,               7.9610e-12
                   58.00,               7.9610e-12
                   58.04,               7.1986e-12
                   58.08,               1.4592e-11
                   58.12,               1.1507e-11
                   58.16,               1.5018e-11
                   58.20,               9.7695e-12
                   58.24,               3.9539e-12
                   58.28,               5.0000e-12
                   58.32,               1.1099e-11
                   58.36,               3.9539e-12
                   58.40,               3.9539e-12
                   58.44,              -3.1738e-12
                   58.48,              -1.9805e-11
                   58.52,              -2.6277e-11
                   58.56,              -2.1631e-11
                   58.60,              -1.7500e-11
                   58.64,              -6.8085e-12
                   58.68,               2.0408e-11
                   58.72,               1.3617e-11
                   58.76,               1.5160e-11
                   58.80,               8.1738e-12
                   58.84,               9.2021e-12
                   58.88,               5.3901e-12
                   58.92,               3.0674e-12
                   58.96,               3.8830e-12
                   59.00,               6.8440e-12
                   59.04,               1.2766e-12
                   59.08,               2.8546e-12
                   59.12,               2.1809e-12
                   59.16,              -1.2057e-12
                   59.20,               3.7589e-12
                   59.24,               5.1950e-12
                   59.28,              -8.8652e-14
                   59.32,               8.6879e-13
                   59.36,              -1.4894e-12
                   59.40,              -3.1028e-12
                   59.44,               7.4823e-12
                   59.48,               4.5213e-12
                   59.52,               2.9255e-12
                   59.56,               3.0674e-12
                   59.60,              -1.6489e-12
                   59.64,              -5.5496e-12
                   59.68,               4.7695e-12
                   59.72,               2.6418e-12
                   59.76,               5.8156e-12
                   59.80,               5.3901e-12
                   59.84,               3.0142e-13
                   59.88,               3.1206e-12
                   59.92,               5.6028e-12
                   59.96,               2.3759e-12
                   60.00,               4.2199e-12
                   60.04,               3.5461e-12
                   60.08,               3.0142e-13
                   60.12,               3.2624e-12
                   60.16,               2.0390e-12
                   60.20,               2.9965e-12
                   60.24,               2.9255e-12
                   60.28,               1.9681e-12
                   60.32,               2.5709e-12
                   60.36,               7.8901e-12
                   60.40,               4.1667e-12
                   60.44,               4.4326e-12
                   60.48,               3.4752e-12
                   60.52,               3.3333e-12
                   60.56,               5.6738e-12
                   60.60,               7.9078e-12
                   60.64,               2.6418e-12
                   60.68,               5.3901e-12
                   60.72,               5.1950e-12
                   60.76,               2.3050e-12
                   60.80,               2.6418e-12
                   60.84,              -3.3688e-13
                   60.88,               2.7128e-12
                   60.92,               2.7837e-12
                   60.96,              -1.6489e-12
                   61.00,              -1.5071e-12
                   61.04,               5.3901e-12
                   61.08,              -3.5461e-14
                   61.12,               3.7411e-12
                   61.16,               3.1915e-12
                   61.20,              -1.0638e-13
                   61.24,               2.4468e-12
                   61.28,               4.1489e-12
                   61.32,               2.9255e-12
                   61.36,               1.4007e-12
                   61.40,              -7.8014e-13
                   61.44,               2.4823e-13
                   61.48,               4.7872e-12
                   61.52,               1.3298e-12
                   61.56,               1.8794e-12
                   61.60,               4.6454e-12
                   61.64,               6.3830e-13
                   61.68,              -1.0106e-12
                   61.72,               4.8404e-12
                   61.76,               4.0780e-12
                   61.80,               4.0248e-12
                   61.84,               4.8404e-12
                   61.88,              -1.0638e-13
                   61.92,               4.1667e-12
                   61.96,               8.2447e-12
                   62.00,               3.2624e-12
                   62.04,               5.2660e-12
                   62.08,               1.8262e-12
                   62.12,              -2.3936e-12
                   62.16,               3.4752e-12
                   62.20,               3.9539e-12
                   62.24,               2.7305e-12
                   62.28,               4.9113e-12
                   62.32,               2.5709e-12
                   62.36,               2.3050e-12
                   62.40,               6.9149e-12
                   62.44,               2.3759e-12
                   62.48,               7.2695e-13
                   62.52,               6.3830e-13
                   62.56,              -4.0071e-12
                   62.60,              -4.5745e-12
                   62.64,               5.1418e-13
                   62.68,              -1.0106e-12
                   62.72,               4.1489e-12
                   62.76,               2.9787e-12
                   62.80,              -1.7021e-12
                   62.84,              -1.0638e-13
                   62.88,               9.3972e-13
                   62.92,               3.1915e-13
                   62.96,               3.4752e-12
                   63.00,               1.3475e-12
                   63.04,              -2.3050e-13
                   63.08,               7.3404e-12
                   63.12,               4.0248e-12
                   63.16,               4.4326e-12
                   63.20,               4.2199e-12
                   63.24,              -3.5461e-14
                   63.28,              -4.9823e-12
                   63.32,               1.6135e-12
                   63.36,              -3.2447e-12
                   63.40,               6.5603e-13
                   63.44,              -1.0638e-12
                   63.48,              -4.6986e-12
                   63.52,              -2.0035e-11
                   63.56,              -2.7110e-11
                   63.60,              -2.2642e-11
                   63.64,              -1.5426e-11
                   63.68,              -1.8085e-12
                   63.72,               1.3617e-11
                   63.76,               1.8546e-11
                   63.80,               1.4752e-11
                   63.84,               1.1933e-11
                   63.88,               9.3617e-12
                   63.92,               4.6454e-12
                   63.96,               2.9255e-12
                   64.00,               8.9184e-12
                   64.04,               5.3901e-12
                   64.08,               9.2730e-12
                   64.12,               1.0816e-11
                   64.16,               5.6206e-12
                   64.20,               3.1915e-12
                   64.24,               4.7163e-12
                   64.28,              -1.4894e-12
                   64.32,               2.3759e-12
                   64.36,               2.7837e-12
                   64.40,              -5.8511e-13
                   64.44,               5.5496e-12
                   64.48,               4.2908e-12
                   64.52,               5.3901e-12
                   64.56,               3.5993e-12
                   64.60,               3.7234e-13
                   64.64,              -1.9149e-12
                   64.68,               6.2943e-12
                   64.72,               3.5284e-12
                   64.76,               5.1950e-12
                   64.80,               2.9255e-12
                   64.84,              -6.5603e-13
                   64.88,               4.2376e-12
                   64.92,               9.9823e-12
                   64.96,               5.6738e-12
                   65.00,               6.5071e-12
                   65.04,               2.7128e-12
                   65.08,              -2.6064e-12
                   65.12,               3.6879e-12
                   65.16,               4.7872e-12
                   65.20,               1.9681e-12
                   65.24,               3.7411e-12
                   65.28,               3.7411e-12
                   65.32,               1.0106e-12
                   65.36,               6.9149e-12
                   65.40,               1.2057e-12
                   65.44,               3.7411e-12
                   65.48,               3.0674e-12
                   65.52,              -8.1560e-13
                   65.56,               6.3830e-13
                   65.60,               6.7730e-12
                   65.64,               2.9255e-12
                   65.68,               4.6454e-12
                   65.72,               5.2660e-12
                   65.76,               1.4007e-12
                   65.80,               6.2411e-12
                   65.84,               7.3404e-12
                   65.88,               4.2908e-12
                   65.92,               2.9965e-12
                   65.96,               3.0142e-13
                   66.00,              -2.4113e-12
                   66.04,               9.0780e-12
                   66.08,               4.2199e-12
                   66.12,               8.1738e-12
                   66.16,               7.0567e-12
                   66.20,               5.5319e-12
                   66.24,               4.9113e-12
                   66.28,               6.7199e-12
                   66.32,              -3.1915e-13
                   66.36,               1.0638e-12
                   66.40,              -2.3936e-12
                   66.44,              -1.8121e-11
                   66.48,              -2.0035e-11
                   66.52,               5.4787e-12
                   66.56,               1.1507e-11
                   66.60,               1.1933e-11
                   66.64,               8.0319e-12
                   66.68,               3.4043e-12
                   66.72,               6.6489e-12
                   66.76,               1.4894e-12
                   66.80,               3.2624e-12
                   66.84,               3.8830e-12
                   66.88,               2.9255e-12
                   66.92,               3.6170e-12
                   66.96,               1.0319e-11
                   67.00,               4.7695e-12
                   67.04,               9.2730e-12
                   67.08,               8.8652e-12
                   67.12,               6.3830e-13
                   67.16,               3.2624e-12
                   67.20,               6.1702e-12
                   67.24,               3.8830e-12
                   67.28,               3.5461e-12
                   67.32,               1.9504e-12
                   67.36,              -2.6064e-12
                   67.40,               1.4716e-12
                   67.44,              -2.1986e-12
                   67.48,               1.4007e-12
                   67.52,              -7.9787e-13
                   67.56,              -7.8901e-12
                   67.60,              -3.1933e-11
                   67.64,              -1.8599e-11
                   67.68,              -1.7358e-11
                   67.72,               4.3440e-12
                   67.76,               1.6418e-11
                   67.80,               8.5816e-12
                   67.84,               7.0567e-12
                   67.88,               4.2199e-12
                   67.92,               4.4326e-12
                   67.96,               6.0816e-12
                   68.00,               3.6170e-12
                   68.04,               2.6418e-12
                   68.08,               6.9149e-12
                   68.12,               5.4787e-12
                   68.16,               6.3652e-12
                   68.20,               6.7199e-12
                   68.24,               4.2553e-13
                   68.28,               7.8014e-13
                   68.32,               5.2482e-12
                   68.36,               2.1631e-12
                   68.40,               5.1241e-12
                   68.44,               4.2199e-12
                   68.48,              -2.0567e-12
                   68.52,              -4.1489e-12
                   68.56,              -6.5603e-13
                   68.60,               9.3972e-13
                   68.64,               2.8546e-12
                   68.68,               3.1915e-12
                   68.72,              -1.7730e-13
                   68.76,               4.2908e-12
                   68.80,               1.8262e-12
                   68.84,               9.2199e-13
                   68.88,               3.1206e-12
                   68.92,               2.2340e-12
                   68.96,               3.1915e-13
                   69.00,               1.0248e-11
                   69.04,               4.7163e-12
                   69.08,               6.9149e-12
                   69.12,               6.2234e-12
                   69.16,               4.8404e-12
                   69.20,               7.6773e-12
                   69.24,               1.2695e-11
                   69.28,               7.8901e-12
                   69.32,               9.0603e-12
                   69.36,               5.3901e-12
                   69.40,              -1.7730e-13
                   69.44,               3.2624e-12
                   69.48,               5.5319e-12
                   69.52,               4.9823e-12
                   69.56,               5.5319e-12
                   69.60,               3.6702e-12
                   69.64,               4.2908e-12
                   69.68,               7.8901e-12
                   69.72,               3.8121e-12
                   69.76,               5.8865e-12
                   69.80,               6.9149e-12
                   69.84,               6.7021e-12
                   69.88,               7.4645e-12
                   69.92,               9.1489e-12
                   69.96,               4.0957e-12
                   70.00,               9.0603e-12
                   70.04,               1.0177e-11
                   70.08,               6.7730e-12
                   70.12,               8.3156e-12
                   70.16,               9.6986e-12
                   70.20,               8.7234e-12
                   70.24,               1.1223e-11
                   70.28,               7.0567e-12
                   70.32,               3.8830e-12
                   70.36,               1.0674e-11
                   70.40,               8.5816e-12
                   70.44,               9.4149e-12
                   70.48,               8.7234e-12
                   70.52,               6.3652e-12
                   70.56,               4.8582e-12
                   70.60,               9.1489e-12
                   70.64,               6.0816e-12
                   70.68,               7.3936e-12
                   70.72,               4.0248e-12
                   70.76,               4.9645e-13
                   70.80,               3.1206e-12
                   70.84,               6.0816e-12
                   70.88,               4.2908e-12
                   70.92,               1.6135e-12
                   70.96,              -2.5355e-12
                   71.00,              -1.4770e-11
                   71.04,              -2.6809e-11
                   71.08,              -1.8191e-11
                   71.12,              -2.7482e-12
                   71.16,               1.7270e-11
                   71.20,               1.2216e-11
                   71.24,               8.2979e-12
                   71.28,               1.0053e-11
                   71.32,               5.8865e-12
                   71.36,               9.4858e-12
                   71.40,               5.8156e-12
                   71.44,               3.3333e-12
                   71.48,               6.3121e-12
                   71.52,               8.3156e-12
                   71.56,               2.0390e-12
                   71.60,               4.9823e-12
                   71.64,               3.5461e-12
                   71.68,              -2.8901e-12
                   71.72,               2.3759e-12
                   71.76,               2.2340e-12
                   71.80,               9.2199e-13
                   71.84,              -1.1525e-12
                   71.88,              -3.5816e-12
                   71.92,              -3.0053e-11
                   71.96,              -2.2855e-11
                   72.00,              -1.9007e-11
                   72.04,               9.4504e-12
                   72.08,               1.2766e-11
                   72.12,               6.5071e-12
                   72.16,               6.3652e-12
                   72.20,               6.5780e-12
                   72.24,               3.1206e-12
                   72.28,               4.1489e-12
                   72.32,               3.2624e-12
                   72.36,              -1.7730e-13
                   72.40,               5.0709e-12
                   72.44,               7.3404e-12
                   72.48,               3.9539e-12
                   72.52,               2.3759e-12
                   72.56,               1.3475e-12
                   72.60,               2.3050e-13
                   72.64,               7.8901e-12
                   72.68,               1.6844e-12
                   72.72,               5.3901e-12
                   72.76,               5.9397e-12
                   72.80,               3.8830e-12
                   72.84,               3.9539e-12
                   72.88,               5.6028e-12
                   72.92,               1.9681e-12
                   72.96,               4.4326e-12
                   73.00,               4.0957e-12
                   73.04,               9.3972e-13
                   73.08,               5.4078e-12
                   73.12,               3.2624e-12
                   73.16,               1.2766e-12
                   73.20,               2.7128e-12
                   73.24,               6.5603e-13
                   73.28,              -9.2199e-13
                   73.32,               7.5355e-12
                   73.36,               4.1667e-12
                   73.40,               6.3652e-12
                   73.44,               6.5071e-12
                   73.48,               3.4043e-12
                   73.52,               1.8794e-12
                   73.56,               6.5071e-12
                   73.60,               3.8830e-12
                   73.64,               3.4752e-12
                   73.68,               3.4043e-12
                   73.72,              -1.4184e-12
                   73.76,               2.5709e-12
                   73.80,               4.6454e-12
                   73.84,               2.8546e-12
                   73.88,               4.1667e-12
                   73.92,               2.4468e-12
                   73.96,               2.8546e-12
                   74.00,               1.1170e-11
                   74.04,               4.5213e-12
                   74.08,               3.6702e-12
                   74.12,               6.7021e-12
                   74.16,               4.5035e-12
                   74.20,               1.2766e-12
                   74.24,               8.7234e-12
                   74.28,               4.7163e-12
                   74.32,               4.5745e-12
                   74.36,               5.8156e-12
                   74.40,              -1.7021e-12
                   74.44,               3.8298e-12
                   74.48,               7.8901e-12
                   74.52,               5.1241e-12
                   74.56,               1.0106e-11
                   74.60,               5.0532e-12
                   74.64,               2.4291e-12
                   74.68,               7.4113e-12
                   74.72,               4.1667e-12
                   74.76,               5.2660e-12
                   74.80,               5.3191e-12
                   74.84,               2.3759e-12
                   74.88,               2.4468e-12
                   74.92,               1.0319e-11
                   74.96,               4.2908e-12
                   75.00,               5.6738e-12
                   75.04,               5.8156e-12
                   75.08,               3.1383e-12
                   75.12,               4.6454e-12
                   75.16,               6.0816e-12
                   75.20,               3.0496e-12
                   75.24,               5.5319e-12
                   75.28,               4.5745e-12
                   75.32,              -1.0638e-13
                   75.36,               4.1667e-12
                   75.40,               1.8262e-12
                   75.44,               9.2199e-13
                   75.48,               1.4894e-12
                   75.52,              -3.5461e-14
                   75.56,               2.2518e-12
                   75.60,               8.8652e-12
                   75.64,               6.3652e-12
                   75.68,               7.9610e-12
                   75.72,               4.7163e-12
                   75.76,               1.8972e-12
                   75.80,               1.7553e-12
                   75.84,               2.4468e-12
                   75.88,              -1.8440e-12
                   75.92,               2.5709e-12
                   75.96,               4.0248e-12
                   76.00,               3.3333e-12
                   76.04,               6.5071e-12
                   76.08,               5.6206e-12
                   76.12,               2.5177e-12
                   76.16,               4.7163e-12
                   76.20,               2.4468e-12
                   76.24,               9.3972e-13
                   76.28,               4.6986e-12
                   76.32,               1.3475e-12
                   76.36,              -9.2199e-13
                   76.40,               2.4291e-12
                   76.44,               4.4326e-13
                   76.48,               2.3050e-13
                   76.52,               6.1525e-12
                   76.56,               3.3333e-12
                   76.60,               5.0532e-12
                   76.64,               4.3617e-12
                   76.68,               3.3333e-12
                   76.72,               5.3901e-12
                   76.76,               4.8404e-12
                   76.80,               4.6454e-12
                   76.84,               9.1312e-12
                   76.88,               8.3688e-12
                   76.92,               6.5071e-12
                   76.96,               1.2004e-11
                   77.00,               7.0567e-12
                   77.04,               7.3936e-12
                   77.08,               5.9574e-12
                   77.12,               3.5461e-12
                   77.16,               1.7553e-12
                   77.20,               7.6773e-12
                   77.24,               6.7021e-12
                   77.28,               1.0106e-11
                   77.32,               7.7482e-12
                   77.36,               6.2234e-12
                   77.40,               7.5355e-12
                   77.44,               8.8652e-12
                   77.48,               5.2660e-12
                   77.52,               4.0248e-12
                   77.56,               3.0496e-12
                   77.60,               8.6879e-13
                   77.64,               4.0248e-12
                   77.68,               3.1206e-12
                   77.72,               4.5745e-12
                   77.76,               7.3404e-12
                   77.80,               7.3404e-12
                   77.84,               5.0532e-12
                   77.88,               7.0567e-12
                   77.92,               2.0922e-12
                   77.96,               3.5993e-12
                   78.00,               2.9255e-12
                   78.04,               2.0390e-12
                   78.08,               5.4787e-12
                   78.12,               6.7199e-12
                   78.16,               4.2199e-12
                   78.20,               5.1950e-12
                   78.24,               2.2340e-12
                   78.28,              -2.0390e-12
                   78.32,               1.6135e-12
                   78.36,               3.1915e-13
                   78.40,               3.8121e-12
                   78.44,               5.2660e-12
                   78.48,               3.5284e-12
                   78.52,               1.1348e-12
                   78.56,               7.6773e-12
                   78.60,               3.0496e-12
                   78.64,               4.5035e-12
                   78.68,               2.9965e-12
                   78.72,              -1.7730e-13
                   78.76,               3.9539e-12
                   78.80,               4.8404e-12
                   78.84,               9.2199e-13
                   78.88,               4.8404e-12
                   78.92,               5.8511e-13
                   78.96,              -3.4574e-12
                   79.00,               2.9787e-12
                   79.04,               3.8830e-12
                   79.08,               3.6702e-12
                   79.12,               2.9965e-12
                   79.16,               2.9255e-12
                   79.20,              -4.6099e-13
                   79.24,               7.3404e-12
                   79.28,               3.7411e-12
                   79.32,               4.7163e-12
                   79.36,               5.5319e-12
                   79.40,               4.3617e-12
                   79.44,               5.9574e-12
                   79.48,               9.0071e-12
                   79.52,               2.9255e-12
                   79.56,               3.4752e-12
                   79.60,               1.7553e-12
                   79.64,              -1.1525e-12
                   79.68,               4.7872e-12
                   79.72,               4.7872e-12
                   79.76,               4.8404e-12
                   79.80,               4.8404e-12
                   79.84,               3.8121e-12
                   79.88,              -6.5603e-13
                   79.92,               5.5319e-12
                   79.96,               3.4043e-12
                   80.00,               4.8404e-12
                   80.04,               1.4007e-12
                   80.08,              -2.1809e-12
                   80.12,               1.8972e-12
                   80.16,               5.6028e-12
                   80.20,               5.0532e-12
                   80.24,               5.8865e-12
                   80.28,               1.5426e-12
                   80.32,              -4.5035e-12
                   80.36,               1.2589e-12
                   80.40,               9.9291e-13
                   80.44,               1.3475e-12
                   80.48,               2.1631e-12
                   80.52,              -5.0532e-12
                   80.56,              -1.5621e-11
                   80.60,              -2.4096e-11
                   80.64,              -2.2376e-11
                   80.68,               2.5355e-12
                   80.72,               1.6560e-11
                   80.76,               1.2074e-11
                   80.80,               1.1649e-11
                   80.84,               1.3475e-11
                   80.88,               7.8191e-12
                   80.92,               9.8404e-12
                   80.96,               7.5355e-12
                   81.00,               2.4468e-12
                   81.04,               4.3617e-12
                   81.08,               6.2234e-12
                   81.12,               1.6135e-12
                   81.16,               4.0248e-12
                   81.20,               2.8546e-12
                   81.24,              -7.2695e-13
                   81.28,               4.4326e-12
                   81.32,               5.1418e-13
                   81.36,               1.8262e-12
                   81.40,               4.4326e-12
                   81.44,               1.7553e-12
                   81.48,               4.3617e-12
                   81.52,               9.2021e-12
                   81.56,               3.4752e-12
                   81.60,               4.2908e-12
                   81.64,               1.6135e-12
                   81.68,              -1.9858e-12
                   81.72,               1.3298e-12
                   81.76,               1.6135e-12
                   81.80,              -2.1809e-12
                   81.84,               2.1631e-12
                   81.88,              -3.0142e-13
                   81.92,              -2.8901e-12
                   81.96,               4.2376e-12
                   82.00,               5.1418e-13
                   82.04,               1.0638e-12
                   82.08,               5.2660e-12
                   82.12,               1.2766e-12
                   82.16,              -1.5603e-12
                   82.20,               4.7695e-12
                   82.24,               2.9787e-12
                   82.28,               5.6738e-12
                   82.32,               5.3901e-12
                   82.36,               2.1631e-12
                   82.40,               5.9574e-12
                   82.44,               1.0124e-11
                   82.48,               5.9574e-12
                   82.52,               9.1312e-12
                   82.56,               5.6738e-12
                   82.60,               1.8262e-12
                   82.64,               5.4787e-12
                   82.68,               3.2624e-12
                   82.72,               1.4716e-12
                   82.76,               5.3191e-14
                   82.80,               2.2340e-12
                   82.84,               1.0638e-12
                   82.88,               6.7730e-12
                   82.92,               1.2057e-12
                   82.96,               4.1667e-12
                   83.00,               4.4326e-12
                   83.04,               4.5745e-12
                   83.08,               7.2695e-12
                   83.12,               1.0957e-11
                   83.16,               9.0071e-12
                   83.20,               9.5567e-12
                   83.24,               4.5035e-12
                   83.28,               2.5709e-12
                   83.32,               7.1986e-12
                   83.36,               7.1454e-12
                   83.40,               4.5745e-12
                   83.44,               3.4043e-12
                   83.48,               1.6844e-12
                   83.52,              -1.0106e-12
                   83.56,               3.5284e-12
                   83.60,              -3.3156e-12
                   83.64,               2.3050e-12
                   83.68,               3.1206e-12
                   83.72,               7.9787e-13
                   83.76,               3.4043e-12
                   83.80,               8.3688e-12
                   83.84,               1.8262e-12
                   83.88,               3.4752e-12
                   83.92,               3.0496e-12
                   83.96,              -9.3972e-13
                   84.00,               2.9255e-12
                   84.04,               5.5319e-12
                   84.08,               4.5035e-12
                   84.12,               5.6028e-12
                   84.16,               5.3901e-12
                   84.20,               3.7411e-12
                   84.24,               8.5816e-12
                   84.28,               3.8830e-12
                   84.32,               6.0816e-12
                   84.36,               4.7163e-12
                   84.40,               3.3333e-12
                   84.44,               3.4043e-12
                   84.48,               6.7908e-12
                   84.52,               3.2624e-12
                   84.56,               5.6738e-12
                   84.60,               4.2199e-12
                   84.64,               2.1631e-12
                   84.68,               4.6454e-12
                   84.72,               5.6028e-12
                   84.76,               4.5745e-12
                   84.80,               4.9823e-12
                   84.84,               4.0957e-12
                   84.88,               2.9255e-12
                   84.92,               5.9574e-12
                   84.96,               5.6738e-13
                   85.00,               6.9858e-12
                   85.04,               7.0567e-12
                   85.08,               6.0816e-12
                   85.12,               4.8582e-12
                   85.16,               9.9823e-12
                   85.20,               1.8262e-12
                   85.24,               6.2234e-12
                   85.28,               5.8156e-12
                   85.32,               3.8121e-12
                   85.36,               7.1986e-12
                   85.40,               8.4397e-12
                   85.44,               5.8156e-12
                   85.48,               5.8156e-12
                   85.52,               4.1667e-12
                   85.56,               1.5957e-13
                   85.60,               4.6277e-12
                   85.64,               1.3298e-12
                   85.68,               1.6135e-12
                   85.72,              -7.2695e-13
                   85.76,              -1.4894e-12
                   85.80,              -1.9149e-12
                   85.84,               8.1738e-12
                   85.88,               3.8121e-12
                   85.92,               7.6064e-12
                   85.96,               7.2695e-12
                   86.00,               3.6702e-12
                   86.04,               8.3156e-12
                   86.08,               7.6241e-12
                   86.12,               3.6170e-12
                   86.16,               5.0532e-12
                   86.20,               3.9539e-12
                   86.24,               1.0638e-13
                   86.28,               1.0266e-11
                   86.32,               8.2447e-12
                   86.36,               5.6738e-12
                   86.40,               3.7411e-12
                   86.44,               4.2908e-12
                   86.48,               2.9255e-12
                   86.52,               9.3440e-12
                   86.56,               5.3901e-12
                   86.60,               1.0532e-11
                   86.64,               1.0816e-11
                   86.68,               5.7447e-12
                   86.72,               6.0284e-12
                   86.76,               7.8191e-12
                   86.80,               4.5745e-12
                   86.84,               9.6099e-12
                   86.88,               7.8191e-12
                   86.92,               1.6135e-12
                   86.96,               7.4113e-12
                   87.00,               6.6489e-12
                   87.04,               6.5071e-12
                   87.08,               9.4149e-12
                   87.12,               4.6454e-12
                   87.16,              -1.2943e-12
                   87.20,               4.2908e-12
                   87.24,               6.5603e-13
                   87.28,               3.6702e-12
                   87.32,               4.7695e-12
                   87.36,               4.5745e-12
                   87.40,               5.9574e-12
                   87.44,               9.1312e-12
                   87.48,               5.1241e-12
                   87.52,               6.7730e-12
                   87.56,               6.2234e-12
                   87.60,               2.0213e-12
                   87.64,               7.8901e-12
                   87.68,               6.2943e-12
                   87.72,               4.1489e-12
                   87.76,               3.2624e-12
                   87.80,              -1.0106e-12
                   87.84,              -5.3191e-14
                   87.88,               8.5106e-12
                   87.92,               4.9113e-12
                   87.96,               1.0248e-11
                   88.00,               8.5106e-12
                   88.04,               4.7695e-12
                   88.08,               9.0780e-12
                   88.12,               1.2216e-11
                   88.16,               7.3936e-12
                   88.20,               7.3936e-12
                   88.24,               5.7447e-12
                   88.28,               7.8014e-13
                   88.32,               2.7128e-12
                   88.36,               8.6879e-13
                   88.40,               1.6312e-12
                   88.44,               5.2660e-12
                   88.48,               2.7128e-12
                   88.52,              -4.6099e-13
                   88.56,               4.9113e-12
                   88.60,              -1.0638e-13
                   88.64,               5.1418e-13
                   88.68,              -2.3227e-12
                   88.72,              -4.2908e-12
                   88.76,              -5.4965e-13
                   88.80,               5.0532e-12
                   88.84,               4.6986e-12
                   88.88,               7.0567e-12
                   88.92,               5.1950e-12
                   88.96,               2.3050e-12
                   89.00,               4.2199e-12
                   89.04,               4.5035e-12
                   89.08,               3.1915e-12
                   89.12,               3.5993e-12
                   89.16,               1.0638e-12
                   89.20,              -3.5461e-14
                   89.24,               6.5071e-12
                   89.28,               4.2908e-12
                   89.32,               4.5745e-12
                   89.36,               3.6879e-12
                   89.40,              -1.4362e-12
                   89.44,               3.0496e-12
                   89.48,               9.6277e-12
                   89.52,               5.1241e-12
                   89.56,               6.6312e-12
                   89.60,               5.0532e-12
                   89.64,               2.9965e-12
                   89.68,               7.0745e-12
                   89.72,               1.1507e-11
                   89.76,               7.1277e-12
                   89.80,               9.2730e-12
                   89.84,               5.3369e-12
                   89.88,              -3.5461e-14
                   89.92,               5.9574e-12
                   89.96,               8.6879e-13
                   90.00,               1.9504e-12
                   90.04,               3.5461e-12
                   90.08,              -3.1915e-13
                   90.12,              -7.4468e-13
                   90.16,               7.6773e-12
                   90.20,               3.6170e-12
                   90.24,               9.8404e-12
                   90.28,               9.2021e-12
                   90.32,               4.7872e-12
                   90.36,               5.8865e-12
                   90.40,               8.3156e-12
                   90.44,               4.0248e-12
                   90.48,               5.5319e-12
                   90.52,               2.6418e-12
                   90.56,              -3.7234e-13
                   90.60,               4.3617e-12
                   90.64,               2.1631e-12
                   90.68,               3.5993e-12
                   90.72,               3.8121e-12
                   90.76,               2.1631e-12
                   90.80,               4.8404e-12
                   90.84,               1.2642e-11
                   90.88,               8.3688e-12
                   90.92,               1.0177e-11
                   90.96,               8.2979e-12
                   91.00,               4.3617e-12
                   91.04,               6.0993e-12
                   91.08,               7.8191e-12
                   91.12,               4.5745e-12
                   91.16,               8.8652e-12
                   91.20,               8.3688e-12
                   91.24,               5.5319e-12
                   91.28,               9.0071e-12
                   91.32,               5.8156e-12
                   91.36,               5.6028e-12
                   91.40,               5.5319e-12
                   91.44,               3.5993e-12
                   91.48,               1.0638e-12
                   91.52,               7.3227e-12
                   91.56,              -3.5461e-14
                   91.60,               5.4078e-12
                   91.64,               4.0957e-12
                   91.68,               5.6738e-13
                   91.72,               7.0922e-13
                   91.76,               2.8369e-12
                   91.80,              -2.6064e-12
                   91.84,              -2.0567e-12
                   91.88,              -3.5284e-12
                   91.92,              -6.3830e-12
                   91.96,               1.2589e-12
                   92.00,              -2.4823e-13
                   92.04,               2.0213e-12
                   92.08,               3.5993e-12
                   92.12,               8.6879e-13
                   92.16,              -2.4823e-13
                   92.20,               2.8546e-12
                   92.24,              -7.2695e-13
                   92.28,               2.3050e-12
                   92.32,               1.8262e-12
                   92.36,              -2.5355e-12
                   92.40,              -1.7908e-12
                   92.44,               3.4752e-12
                   92.48,               2.6418e-12
                   92.52,               6.5071e-12
                   92.56,               4.9823e-12
                   92.60,               3.8121e-12
                   92.64,               4.0957e-12
                   92.68,               2.9965e-12
                   92.72,               1.2057e-12
                   92.76,               1.8972e-12
                   92.80,               5.5319e-12
                   92.84,               1.3475e-12
                   92.88,               4.9823e-12
                   92.92,              -2.8901e-12
                   92.96,               2.9965e-12
                   93.00,               3.3333e-12
                   93.04,               3.1915e-12
                   93.08,               3.9539e-12
                   93.12,               8.7234e-12
                   93.16,               4.5745e-12
                   93.20,               8.5106e-12
                   93.24,               4.2199e-12
                   93.28,               2.0922e-12
                   93.32,               7.5532e-12
                   93.36,               7.8369e-12
                   93.40,               7.8191e-12
                   93.44,               6.4362e-12
                   93.48,               7.0922e-13
                   93.52,              -3.1915e-13
                   93.56,               6.6489e-12
                   93.60,               2.5000e-12
                   93.64,               5.2660e-12
                   93.68,               3.6702e-12
                   93.72,               9.2199e-13
                   93.76,               8.8652e-14
                   93.80,               6.9149e-12
                   93.84,               4.4326e-12
                   93.88,               6.3652e-12
                   93.92,               3.4752e-12
                   93.96,              -3.1738e-12
                   94.00,               1.6667e-12
                   94.04,               1.4716e-12
                   94.08,               2.8546e-12
                   94.12,               5.8156e-12
                   94.16,               4.0957e-12
                   94.20,               3.3333e-12
                   94.24,               7.3404e-12
                   94.28,               3.6702e-12
                   94.32,               5.6738e-12
                   94.36,               4.7695e-12
                   94.40,               3.0142e-13
                   94.44,               1.4716e-12
                   94.48,               6.2943e-12
                   94.52,               2.9965e-12
                   94.56,               5.5319e-12
                   94.60,               3.8830e-12
                   94.64,               3.4043e-12
                   94.68,               4.3085e-12
                   94.72,               7.3404e-12
                   94.76,               6.9858e-12
                   94.80,               7.4645e-12
                   94.84,               4.5745e-12
                   94.88,               3.8830e-12
                   94.92,               8.4397e-12
                   94.96,               3.8121e-12
                   95.00,               3.4752e-12
                   95.04,               3.4043e-12
                   95.08,               9.9291e-13
                   95.12,              -7.4468e-13
                   95.16,               7.9610e-12
                   95.20,               6.0816e-12
                   95.24,               8.6525e-12
                   95.28,               9.4149e-12
                   95.32,               3.9539e-12
                   95.36,               8.6525e-12
                   95.40,               1.1649e-11
                   95.44,               1.1099e-11
                   95.48,               1.2358e-11
                   95.52,               9.4858e-12
                   95.56,               7.1277e-12
                   95.60,               1.4734e-11
                   95.64,               1.2145e-11
                   95.68,               9.1312e-12
                   95.72,               6.3652e-12
                   95.76,               3.9539e-12
                   95.80,               4.6986e-12
                   95.84,               9.3440e-12
                   95.88,               5.2482e-12
                   95.92,               6.0816e-12
                   95.96,               4.1667e-12
                   96.00,               2.0922e-12
                   96.04,               5.3369e-12
                   96.08,               6.6667e-12
                   96.12,               9.2199e-13
                   96.16,               5.5319e-12
                   96.20,               5.8156e-12
                   96.24,               1.9681e-12
                   96.28,               6.2411e-12
                   96.32,               9.5567e-12
                   96.36,               8.7943e-12
                   96.40,               1.3759e-11
                   96.44,               1.0106e-11
                   96.48,               7.0567e-12
                   96.52,               1.3475e-11
                   96.56,               1.0745e-11
                   96.60,               1.1507e-11
                   96.64,               9.9113e-12
                   96.68,               3.8121e-12
                   96.72,               4.2908e-12
                   96.76,               7.0567e-12
                   96.80,               4.7163e-12
                   96.84,               7.7482e-12
                   96.88,               3.4043e-12
                   96.92,               8.6879e-13
                   96.96,               5.4078e-12
                   97.00,               4.2908e-12
                   97.04,               5.1950e-12
                   97.08,               6.2234e-12
                   97.12,               2.7128e-12
                   97.16,               1.1348e-12
                   97.20,               5.9574e-12
                   97.24,               5.9397e-12
                   97.28,               7.0567e-12
                   97.32,               7.7482e-12
                   97.36,               4.7695e-12
                   97.40,               4.1667e-12
                   97.44,               1.0603e-11
                   97.48,               5.6738e-12
                   97.52,               8.1560e-12
                   97.56,               6.2234e-12
                   97.60,               1.8972e-12
                   97.64,               2.7128e-12
                   97.68,               4.5745e-12
                   97.72,               6.1525e-12
                   97.76,               7.8191e-12
                   97.80,               5.3901e-12
                   97.84,              -5.1418e-13
                   97.88,               7.6773e-12
                   97.92,               2.5177e-12
                   97.96,               3.8830e-12
                   98.00,               5.2660e-12
                   98.04,               3.8830e-12
                   98.08,               4.8582e-12
                   98.12,               9.7695e-12
                   98.16,               3.9539e-12
                   98.20,               8.7234e-12
                   98.24,               9.0603e-12
                   98.28,               2.7128e-12
                   98.32,               7.4823e-12
                   98.36,               7.7660e-12
                   98.40,               5.2660e-12
                   98.44,               6.7730e-12
                   98.48,               5.3901e-12
                   98.52,               1.8972e-12
                   98.56,               5.0532e-12
                   98.60,               3.8830e-12
                   98.64,               4.1489e-12
                   98.68,               3.1206e-12
                   98.72,              -1.0638e-13
                   98.76,              -2.1277e-12
                   98.80,               2.8546e-12
                   98.84,              -1.9149e-12
                   98.88,               1.2766e-12
                   98.92,              -1.9149e-12
                   98.96,              -4.2199e-12
                   99.00,               1.3298e-12
                   99.04,               4.2199e-12
                   99.08,               1.8972e-12
                   99.12,               2.6418e-12
                   99.16,              -1.2057e-12
                   99.20,              -6.5603e-13
                   99.24,               6.9149e-12
                   99.28,               4.3617e-12
                   99.32,               3.2624e-12
                   99.36,               2.4468e-12
                   99.40,              -5.3191e-14
                   99.44,              -1.4362e-12
                   99.48,               7.3404e-12
                   99.52,               4.2199e-12
                   99.56,               6.2234e-12
                   99.60,               5.9397e-12
                   99.64,               2.5709e-12
                   99.68,               4.4326e-12
                   99.72,               5.8865e-12
                   99.76,               3.6702e-12
                   99.80,               4.3617e-12
                   99.84,               4.5745e-12
                   99.88,               3.6170e-12
                   99.92,               8.3156e-12
                   99.96,               7.2695e-12
                  100.00,               8.2270e-12
                  100.04,               8.3688e-12
                  100.08,               4.5035e-12
                  100.12,               6.5603e-13
                  100.16,               9.7695e-12
                  100.20,               3.5284e-12
                  100.24,               4.8404e-12
                  100.28,               1.7553e-12
                  100.32,              -2.3404e-12
                  100.36,               8.8652e-14
                  100.40,               4.2376e-12
                  100.44,               2.7128e-12
                  100.48,               4.5035e-12
                  100.52,               6.0816e-12
                  100.56,               3.9539e-12
                  100.60,               6.8617e-12
                  100.64,               8.8652e-12
                  100.68,               1.2145e-11
                  100.72,               1.1028e-11
                  100.76,               8.7234e-12
                  100.80,               2.9255e-12
                  100.84,               7.8901e-12
                  100.88,               3.4043e-12
                  100.92,               7.2695e-12
                  100.96,               6.0816e-12
                  101.00,               8.1560e-12
                  101.04,               1.1933e-11
                  101.08,               1.5160e-11
                  101.12,               9.6277e-12
                  101.16,               1.2500e-11
                  101.20,               1.1365e-11
                  101.24,               4.2376e-12
                  101.28,               8.3156e-12
                  101.32,               7.8369e-12
                  101.36,               8.1738e-12
                  101.40,               8.5816e-12
                  101.44,               5.3369e-12
                  101.48,               2.9965e-12
                  101.52,               1.0603e-11
                  101.56,               9.4149e-12
                  101.60,               8.2979e-12
                  101.64,               7.1986e-12
                  101.68,               5.4078e-12
                  101.72,               5.7624e-12
                  101.76,               1.1099e-11
                  101.80,               3.5284e-12
                  101.84,               4.5745e-12
                  101.88,               3.8830e-12
                  101.92,              -9.2199e-13
                  101.96,               1.4007e-12
                  102.00,               4.2199e-12
                  102.04,               3.3333e-12
                  102.08,               5.7979e-12
                  102.12,               3.1915e-12
                  102.16,               3.0142e-13
                  102.20,               7.1277e-12
                  102.24,               5.3369e-12
                  102.28,               4.9823e-12
                  102.32,               7.7482e-12
                  102.36,               5.7447e-12
                  102.40,               5.8156e-12
                  102.44,               1.1791e-11
                  102.48,               7.6064e-12
                  102.52,               1.1933e-11
                  102.56,               1.0053e-11
                  102.60,               5.5319e-12
                  102.64,               6.1525e-12
                  102.68,               1.0124e-11
                  102.72,               7.6064e-12
                  102.76,               8.8652e-12
                  102.80,               6.6489e-12
                  102.84,               1.9681e-12
                  102.88,               7.2695e-12
                  102.92,               7.0567e-12
                  102.96,               7.1986e-12
                  103.00,               6.3652e-12
                  103.04,               4.5035e-12
                  103.08,               4.1667e-12
                  103.12,               9.5567e-12
                  103.16,               3.8830e-12
                  103.20,               4.5035e-12
                  103.24,               4.9823e-12
                  103.28,               1.8262e-12
                  103.32,               3.6879e-12
                  103.36,               6.3652e-12
                  103.40,               3.8830e-12
                  103.44,               5.3901e-12
                  103.48,               2.9255e-12
                  103.52,              -3.7234e-13
                  103.56,               5.9574e-12
                  103.60,               5.1950e-12
                  103.64,               2.6418e-12
                  103.68,               3.9539e-12
                  103.72,               1.6135e-12
                  103.76,               8.6879e-13
                  103.80,               9.1489e-12
                  103.84,               4.7163e-12
                  103.88,               5.2660e-12
                  103.92,               6.2234e-12
                  103.96,               6.9149e-12
                  104.00,               7.2695e-12
                  104.04,               1.2358e-11
                  104.08,               7.9610e-12
                  104.12,               1.1099e-11
                  104.16,               1.0124e-11
                  104.20,               4.5745e-12
                  104.24,               9.0071e-12
                  104.28,               9.5035e-12
                  104.32,               7.4113e-12
                  104.36,               5.6738e-12
                  104.40,               2.5000e-12
                  104.44,              -2.0390e-12
                  104.48,               6.0816e-12
                  104.52,               4.8404e-12
                  104.56,               6.5071e-12
                  104.60,               4.8404e-12
                  104.64,               3.5993e-12
                  104.68,               4.0248e-12
                  104.72,               1.0053e-11
                  104.76,               6.1525e-12
                  104.80,               5.6738e-12
                  104.84,               3.1915e-12
                  104.88,              -9.9291e-13
                  104.92,               4.9113e-12
                  104.96,               4.7872e-12
                  105.00,               4.9113e-12
                  105.04,               7.1986e-12
                  105.08,               5.3901e-12
                  105.12,               4.3617e-12
                  105.16,               9.1312e-12
                  105.20,               3.4043e-12
                  105.24,               4.9823e-12
                  105.28,               3.0496e-12
                  105.32,              -5.8511e-13
                  105.36,               9.9291e-13
                  105.40,               7.6773e-12
                  105.44,               3.3333e-12
                  105.48,               6.0816e-12
                  105.52,               5.5319e-12
                  105.56,               1.0638e-12
                  105.60,               3.5993e-12
                  105.64,               5.6206e-12
                  105.68,               3.4043e-12
                  105.72,               4.6454e-12
                  105.76,               2.9255e-12
                  105.80,               7.2695e-13
                  105.84,               5.3901e-12
                  105.88,               3.6702e-12
                  105.92,               4.7163e-12
                  105.96,               4.3617e-12
                  106.00,               5.3901e-12
                  106.04,               5.5319e-12
                  106.08,               9.4858e-12
                  106.12,               4.9823e-12
                  106.16,               1.1365e-11
                  106.20,               8.7234e-12
                  106.24,               7.7482e-12
                  106.28,               1.0603e-11
                  106.32,               1.2642e-11
                  106.36,               7.7482e-12
                  106.40,               7.0567e-12
                  106.44,               6.6312e-12
                  106.48,               4.2199e-12
                  106.52,               6.9149e-12
                  106.56,               6.5071e-12
                  106.60,               4.5035e-12
                  106.64,               5.1241e-12
                  106.68,               3.7411e-12
                  106.72,               3.9539e-12
                  106.76,               9.0603e-12
                  106.80,               2.9965e-12
                  106.84,               4.2908e-12
                  106.88,               6.4362e-12
                  106.92,               3.8121e-12
                  106.96,               1.2057e-12
                  107.00,               5.8156e-12
                  107.04,               6.2943e-12
                  107.08,               9.5567e-12
                  107.12,               4.9823e-12
                  107.16,              -1.0638e-13
                  107.20,               6.5780e-12
                  107.24,               5.4610e-12
                  107.28,               7.6773e-12
                  107.32,               6.9149e-12
                  107.36,               6.5071e-12
                  107.40,               4.4326e-12
                  107.44,               1.1862e-11
                  107.48,               1.0035e-11
                  107.52,               9.1312e-12
                  107.56,               8.9184e-12
                  107.60,               4.0957e-12
                  107.64,               5.4078e-12
                  107.68,               8.5106e-12
                  107.72,               4.5035e-12
                  107.76,               6.5071e-12
                  107.80,               3.3333e-12
                  107.84,               1.3475e-12
                  107.88,               6.0993e-12
                  107.92,               5.4078e-12
                  107.96,               2.9787e-12
                  108.00,              -3.1915e-13
                  108.04,              -2.5355e-12
                  108.08,              -2.1986e-12
                  108.12,               6.2943e-12
                  108.16,               5.1241e-12
                  108.20,               7.0567e-12
                  108.24,               9.6986e-12
                  108.28,               5.4078e-12
                  108.32,               5.6028e-12
                  108.36,               1.1028e-11
                  108.40,               9.1312e-12
                  108.44,               7.4645e-12
                  108.48,               5.5319e-12
                  108.52,               4.5745e-12
                  108.56,               1.0053e-11
                  108.60,               1.0124e-11
                  108.64,               6.9149e-12
                  108.68,               8.8652e-12
                  108.72,               5.7447e-12
                  108.76,              -3.7234e-13
                  108.80,               8.4397e-12
                  108.84,               5.9397e-12
                  108.88,               8.6525e-12
                  108.92,               7.8191e-12
                  108.96,               3.8830e-12
                  109.00,               2.9965e-12
                  109.04,               5.2660e-12
                  109.08,               8.5106e-13
                  109.12,               2.8546e-12
                  109.16,               4.0957e-12
                  109.20,              -3.5461e-14
                  109.24,               3.9539e-12
                  109.28,               7.4645e-12
                  109.32,               3.1915e-12
                  109.36,               3.8830e-12
                  109.40,               1.6844e-12
                  109.44,              -1.9149e-12
                  109.48,               2.8546e-12
                  109.52,               2.9255e-12
                  109.56,               1.3475e-12
                  109.60,              -6.5603e-13
                  109.64,              -2.3936e-12
                  109.68,               1.1348e-12
                  109.72,               5.1950e-12
                  109.76,               3.2092e-12
                  109.80,               6.7021e-12
                  109.84,               4.5745e-12
                  109.88,               2.3050e-12
                  109.92,               5.5496e-12
                  109.96,               7.0567e-12
                  110.00,               4.3617e-12
                  110.04,               5.9574e-12
                  110.08,               3.8830e-12
                  110.12,               1.6135e-12
                  110.16,               4.9113e-12
                  110.20,               1.4007e-12
                  110.24,               4.1667e-12
                  110.28,               5.9397e-12
                  110.32,               4.2908e-12
                  110.36,               3.6702e-12
                  110.40,               6.9149e-12
                  110.44,               4.2908e-12
                  110.48,               8.2979e-12
                  110.52,               4.2199e-12
                  110.56,              -7.9787e-13
                  110.60,               6.5603e-13
                  110.64,               6.5780e-12
                  110.68,               3.4752e-12
                  110.72,               4.0248e-12
                  110.76,               1.7730e-13
                  110.80,              -1.7730e-13
                  110.84,               6.4539e-12
                  110.88,               7.0567e-12
                  110.92,               6.8617e-12
                  110.96,               9.9113e-12
                  111.00,               6.3652e-12
                  111.04,               2.3050e-12
                  111.08,               6.2234e-12
                  111.12,               4.0957e-12
                  111.16,               9.2730e-12
                  111.20,               8.9894e-12
                  111.24,               4.2199e-12
                  111.28,               3.2624e-12
                  111.32,               5.7447e-12
                  111.36,               2.2340e-12
                  111.40,               2.5177e-12
                  111.44,               1.0816e-12
                  111.48,              -2.1809e-12
                  111.52,               2.9255e-12
                  111.56,               3.7234e-13
                  111.60,              -3.1915e-13
                  111.64,               1.8262e-12
                  111.68,               3.0142e-13
                  111.72,              -9.2199e-13
                  111.76,               6.0816e-12
                  111.80,               3.7411e-12
                  111.84,               7.7482e-12
                  111.88,               6.7199e-12
                  111.92,               3.5461e-12
                  111.96,               5.1950e-12
                  112.00,               1.1028e-11
                  112.04,               6.2943e-12
                  112.08,               1.1365e-11
                  112.12,               8.7234e-12
                  112.16,               3.6702e-12
                  112.20,               6.5780e-12
                  112.24,               7.8901e-12
                  112.28,               5.8156e-12
                  112.32,               7.3404e-12
                  112.36,               4.0957e-12
                  112.40,               3.1206e-12
                  112.44,               8.4397e-12
                  112.48,               4.3617e-12
                  112.52,               3.6702e-12
                  112.56,               4.1667e-12
                  112.60,               1.6135e-12
                  112.64,               8.8652e-14
                  112.68,               5.8865e-12
                  112.72,               3.8121e-12
                  112.76,               5.8156e-12
                  112.80,               3.7411e-12
                  112.84,               5.8511e-13
                  112.88,               1.5957e-13
                  112.92,               3.5461e-12
                  112.96,               3.8830e-12
                  113.00,               7.4823e-12
                  113.04,               5.4610e-12
                  113.08,               3.1206e-12
                  113.12,               8.3156e-12
                  113.16,               4.8404e-12
                  113.20,               4.6454e-12
                  113.24,               2.9965e-12
                  113.28,               2.9255e-12
                  113.32,               1.2766e-12
                  113.36,               1.0532e-11
                  113.40,               3.7411e-12
                  113.44,               3.6702e-12
                  113.48,               3.2624e-12
                  113.52,               2.5887e-12
                  113.56,               6.7199e-12
                  113.60,               1.0745e-11
                  113.64,               7.1986e-12
                  113.68,               8.6525e-12
                  113.72,               8.0319e-12
                  113.76,               3.9539e-12
                  113.80,               6.5071e-12
                  113.84,               3.7411e-12
                  113.88,               6.1525e-12
                  113.92,               3.5461e-12
                  113.96,              -1.8440e-12
                  114.00,              -2.1986e-12
                  114.04,               4.4326e-12
                  114.08,               2.3759e-12
                  114.12,               5.0532e-12
                  114.16,               3.5993e-12
                  114.20,              -2.4823e-13
                  114.24,               1.5603e-12
                  114.28,               3.6170e-12
                  114.32,               1.4716e-12
                  114.36,               5.1241e-12
                  114.40,               3.9539e-12
                  114.44,               5.3191e-14
                  114.48,               6.8440e-12
                  114.52,               3.3333e-12
                  114.56,               2.3050e-12
                  114.60,               2.8546e-12
                  114.64,               3.7234e-13
                  114.68,              -2.4645e-12
                  114.72,               6.0993e-12
                  114.76,               3.9539e-12
                  114.80,               9.6277e-12
                  114.84,               5.6738e-12
                  114.88,               2.3050e-12
                  114.92,               6.0284e-12
                  114.96,               9.6277e-12
                  115.00,               5.3901e-12
                  115.04,               6.6312e-12
                  115.08,               4.5035e-12
                  115.12,               7.2695e-13
                  115.16,               5.5319e-12
                  115.20,               6.5780e-12
                  115.24,               5.1950e-12
                  115.28,               4.2908e-12
                  115.32,               1.5426e-12
                  115.36,               1.1348e-12
                  115.40,               8.8652e-12
                  115.44,               6.0816e-12
                  115.48,               8.1028e-12
                  115.52,               9.0603e-12
                  115.56,               4.8404e-12
                  115.60,               5.1241e-12
                  115.64,               9.5567e-12
                  115.68,               5.3901e-12
                  115.72,               9.9645e-12
                  115.76,               5.8156e-12
                  115.80,               3.1383e-12
                  115.84,               6.5071e-12
                  115.88,               5.2660e-12
                  115.92,               3.8830e-12
                  115.96,               5.4610e-12
                  116.00,               1.4184e-12
                  116.04,               1.2766e-12
                  116.08,               5.4610e-12
                  116.12,               3.0674e-12
                  116.16,               4.7163e-12
                  116.20,               3.1915e-12
                  116.24,               1.0638e-13
                  116.28,               2.3050e-12
                  116.32,               7.7482e-12
                  116.36,               3.6879e-12
                  116.40,               8.8652e-12
                  116.44,               5.4610e-12
                  116.48,               1.6135e-12
                  116.52,               4.7163e-12
                  116.56,               7.0567e-12
                  116.60,               7.8191e-12
                  116.64,               9.7695e-12
                  116.68,               6.3652e-12
                  116.72,               5.9574e-12
                  116.76,               1.2926e-11
                  116.80,               1.1099e-11
                  116.84,               1.2429e-11
                  116.88,               1.2074e-11
                  116.92,               9.0780e-12
                  116.96,               9.2021e-12
                  117.00,               1.2216e-11
                  117.04,               5.1950e-12
                  117.08,               7.8191e-12
                  117.12,               3.6170e-12
                  117.16,               1.8972e-12
                  117.20,               4.7695e-12
                  117.24,               5.4787e-12
                  117.28,               4.0957e-12
                  117.32,               3.4752e-12
                  117.36,              -1.8440e-12
                  117.40,              -3.1738e-12
                  117.44,               2.7128e-12
                  117.48,               3.6170e-12
                  117.52,               8.7234e-12
                  117.56,               9.8404e-12
                  117.60,               7.8901e-12
                  117.64,               5.1241e-12
                  117.68,               8.5816e-12
                  117.72,               5.8156e-12
                  117.76,               6.7730e-12
                  117.80,               4.6986e-12
                  117.84,               1.1348e-12
                  117.88,               1.1879e-12
                  117.92,               5.4078e-12
                  117.96,               3.3511e-12
                  118.00,               6.5603e-12
                  118.04,               3.4752e-12
                  118.08,              -3.5461e-14
                  118.12,               2.7837e-12
                  118.16,               1.2766e-12
                  118.20,               2.1631e-12
                  118.24,               4.2908e-12
                  118.28,              -5.3191e-13
                  118.32,              -1.5780e-12
                  118.36,               8.1560e-12
                  118.40,               2.7128e-12
                  118.44,               2.1631e-12
                  118.48,               1.4184e-12
                  118.52,               2.5000e-12
                  118.56,               7.0035e-12
                  118.60,               9.2908e-12
                  118.64,               8.3688e-12
                  118.68,               1.1649e-11
                  118.72,               1.1223e-11
                  118.76,               7.7482e-12
                  118.80,               1.1099e-11
                  118.84,               1.0603e-11
                  118.88,               1.0319e-11
                  118.92,               1.2358e-11
                  118.96,               9.8404e-12
                  119.00,               5.8156e-12
                  119.04,               9.2021e-12
                  119.08,               4.2908e-12
                  119.12,               7.0567e-12
                  119.16,               6.8440e-12
                  119.20,               4.2199e-12
                  119.24,               5.7447e-12
                  119.28,               8.6525e-12
                  119.32,               5.9397e-12
                  119.36,               9.8404e-12
                  119.40,               8.5106e-12
                  119.44,               5.6738e-12
                  119.48,               9.2908e-12
                  119.52,               6.9858e-12
                  119.56,               7.4113e-12
                  119.60,               4.6986e-12
                  119.64,               3.4752e-12
                  119.68,              -9.2199e-13
                  119.72,               6.2234e-12
                  119.76,               5.6738e-12
                  119.80,               1.1578e-11
                  119.84,               1.2766e-11
                  119.88,               9.4149e-12
                  119.92,               8.1738e-12
                  119.96,               1.0532e-11
                  120.00,               6.5603e-12
                  120.04,               6.9858e-12
                  120.08,               5.6738e-12
                  120.12,              -5.3191e-14
                  120.16,               3.3333e-12
                  120.20,               1.7553e-12
                  120.24,               4.9645e-13
                  120.28,               5.5319e-12
                  120.32,               5.0532e-12
                  120.36,              -1.1525e-12
                  120.40,               6.2943e-12
                  120.44,               2.7128e-12
                  120.48,               4.0248e-12
                  120.52,               4.0957e-12
                  120.56,               4.5745e-12
                  120.60,               6.8617e-12
                  120.64,               1.1241e-11
                  120.68,               6.0816e-12
                  120.72,               8.5816e-12
                  120.76,               7.8191e-12
                  120.80,               3.4043e-12
                  120.84,               6.9858e-12
                  120.88,               6.0993e-12
                  120.92,               5.6738e-12
                  120.96,               2.9965e-12
                  121.00,               2.0922e-12
                  121.04,              -1.0638e-12
                  121.08,               6.0106e-12
                  121.12,               2.9787e-12
                  121.16,               4.4326e-12
                  121.20,               2.9255e-12
                  121.24,               2.4468e-12
                  121.28,               4.5035e-12
                  121.32,               1.0124e-11
                  121.36,               3.5461e-12
                  121.40,               6.5780e-12
                  121.44,               3.6702e-12
                  121.48,              -2.4645e-12
                  121.52,               2.5709e-12
                  121.56,               4.5035e-12
                  121.60,               3.3333e-12
                  121.64,               4.2199e-12
                  121.68,               8.8652e-14
                  121.72,              -3.4397e-12
                  121.76,               3.4043e-12
                  121.80,               2.5000e-12
                  121.84,               3.5993e-12
                  121.88,               5.1241e-12
                  121.92,               6.6489e-12
                  121.96,               7.0745e-12
                  122.00,               1.5709e-11
                  122.04,               1.2553e-11
                  122.08,               1.4592e-11
                  122.12,               1.2500e-11
                  122.16,               6.4362e-12
                  122.20,               8.1028e-12
                  122.24,               1.0745e-11
                  122.28,               8.8652e-12
                  122.32,               8.7943e-12
                  122.36,               6.7199e-12
                  122.40,               3.5461e-12
                  122.44,               1.0390e-11
                  122.48,               5.0000e-12
                  122.52,               4.2908e-12
                  122.56,               4.0248e-12
                  122.60,               3.0496e-12
                  122.64,               2.9255e-12
                  122.68,               9.6277e-12
                  122.72,               3.0674e-12
                  122.76,               6.3652e-12
                  122.80,               6.0816e-12
                  122.84,               3.2624e-12
                  122.88,               7.2695e-12
                  122.92,               8.6525e-12
                  122.96,               5.0532e-12
                  123.00,               4.2199e-12
                  123.04,               3.4043e-12
                  123.08,               2.5000e-12
                  123.12,               6.8440e-12
                  123.16,               5.2660e-12
                  123.20,               5.2660e-12
                  123.24,               7.6064e-12
                  123.28,               5.6738e-12
                  123.32,               3.5993e-12
                  123.36,               1.0390e-11
                  123.40,               4.9823e-12
                  123.44,               9.4858e-12
                  123.48,               1.1365e-11
                  123.52,               8.7234e-12
                  123.56,               1.1170e-11
                  123.60,               1.3901e-11
                  123.64,               8.3688e-12
                  123.68,               8.5106e-12
                  123.72,               4.5745e-12
                  123.76,               2.5000e-12
                  123.80,               4.1667e-12
                  123.84,               4.9823e-12
                  123.88,               4.0248e-12
                  123.92,               2.9965e-12
                  123.96,              -4.4326e-13
                  124.00,              -1.6312e-12
                  124.04,               8.0319e-12
                  124.08,               2.6418e-12
                  124.12,               2.0390e-12
                  124.16,               2.7837e-12
                  124.20,               2.9255e-12
                  124.24,               4.3617e-12
                  124.28,               8.0319e-12
                  124.32,              -6.0284e-13
                  124.36,               2.5887e-12
                  124.40,              -9.2199e-13
                  124.44,              -3.1738e-12
                  124.48,               1.1348e-12
                  124.52,               1.6135e-12
                  124.56,              -1.0638e-13
                  124.60,               3.3333e-12
                  124.64,               3.0142e-13
                  124.68,              -2.8191e-12
                  124.72,               4.4326e-12
                  124.76,               4.9823e-12
                  124.80,               7.4645e-12
                  124.84,               5.6738e-12
                  124.88,               2.2340e-12
                  124.92,               4.9823e-12
                  124.96,               9.2730e-12
                  125.00,               6.3830e-13
                  125.04,               2.3050e-12
                  125.08,              -3.1915e-13
                  125.12,              -2.6064e-12
                  125.16,               3.3333e-12
                  125.20,               3.5461e-12
                  125.24,               2.2340e-12
                  125.28,               5.6738e-12
                  125.32,               4.0780e-12
                  125.36,               3.0496e-12
                  125.40,               7.6950e-12
                  125.44,               4.3617e-12
                  125.48,               7.5532e-12
                  125.52,               4.5035e-12
                  125.56,               3.0142e-13
                  125.60,              -1.7908e-12
                  125.64,               7.1277e-12
                  125.68,               3.5284e-12
                  125.72,               8.2979e-12
                  125.76,               6.9858e-12
                  125.80,               4.3617e-12
                  125.84,               6.4362e-12
                  125.88,               8.3865e-12
                  125.92,               7.1277e-12
                  125.96,               7.7482e-12
                  126.00,               5.5319e-12
                  126.04,               7.2695e-13
                  126.08,               7.0567e-12
                  126.12,               4.7695e-12
                  126.16,               9.2908e-12
                  126.20,               9.8404e-12
                  126.24,               9.9823e-12
                  126.28,               6.5780e-12
                  126.32,               1.5018e-11
                  126.36,               8.1028e-12
                  126.40,               1.0248e-11
                  126.44,               7.6064e-12
                  126.48,               4.9823e-12
                  126.52,               8.5816e-12
                  126.56,               1.3333e-11
                  126.60,               1.1436e-11
                  126.64,               1.4167e-11
                  126.68,               9.4858e-12
                  126.72,               4.5745e-12
                  126.76,               1.0266e-11
                  126.80,               7.2163e-12
                  126.84,               4.6986e-12
                  126.88,               6.7021e-12
                  126.92,               6.9858e-12
                  126.96,               8.1738e-12
                  127.00,               1.6277e-11
                  127.04,               9.4858e-12
                  127.08,               1.1649e-11
                  127.12,               6.0284e-12
                  127.16,               5.1418e-13
                  127.20,               4.3085e-12
                  127.24,               6.6489e-12
                  127.28,               4.9823e-12
                  127.32,               9.6277e-12
                  127.36,               8.5816e-12
                  127.40,               4.8404e-12
                  127.44,               1.0745e-11
                  127.48,               9.8404e-12
                  127.52,               6.9858e-12
                  127.56,               6.4362e-12
                  127.60,               3.0674e-12
                  127.64,               3.3333e-12
                  127.68,               9.3440e-12
                  127.72,               5.9397e-12
                  127.76,               1.0816e-11
                  127.80,               8.0851e-12
                  127.84,               3.2624e-12
                  127.88,               5.4787e-12
                  127.92,               1.1312e-11
                  127.96,               4.5035e-12
                  128.00,               8.4397e-12
                  128.04,               9.6986e-12
                  128.08,               5.1950e-12
                  128.12,               7.9610e-12
                  128.16,               5.1950e-12
                  128.20,               5.3369e-12
                  128.24,               6.7021e-12
                  128.28,               5.9574e-12
                  128.32,               4.7163e-12
                  128.36,               6.9149e-12
                  128.40,               3.5461e-12
                  128.44,               8.2270e-12
                  128.48,               7.9610e-12
                  128.52,               8.0319e-12
                  128.56,               6.9149e-12
                  128.60,               1.2358e-11
                  128.64,               7.8191e-12
                  128.68,               9.2021e-12
                  128.72,               1.0248e-11
                  128.76,               6.7730e-12
                  128.80,               9.2199e-12
                  128.84,               1.1170e-11
                  128.88,               5.9397e-12
                  128.92,               6.7730e-12
                  128.96,               3.9539e-12
                  129.00,              -5.1418e-13
                  129.04,               5.1950e-12
                  129.08,               1.6844e-12
                  129.12,               2.6418e-12
                  129.16,               3.4043e-12
                  129.20,               1.4184e-12
                  129.24,               3.2624e-12
                  129.28,               8.3865e-12
                  129.32,               3.9539e-12
                  129.36,               6.4362e-12
                  129.40,               5.6738e-12
                  129.44,               3.5993e-12
                  129.48,               7.7482e-12
                  129.52,               8.7234e-12
                  129.56,               4.9113e-12
                  129.60,               8.5106e-12
                  129.64,               6.0993e-12
                  129.68,              -5.3191e-13
                  129.72,               6.3652e-12
                  129.76,               4.5745e-12
                  129.80,               4.2199e-12
                  129.84,               3.8830e-12
                  129.88,               1.2057e-12
                  129.92,              -1.6489e-12
                  129.96,               5.8156e-12
                  130.00,               2.9078e-12
                  130.04,               4.0957e-12
                  130.08,               3.9539e-12
                  130.12,               3.6702e-12
                  130.16,               4.0248e-12
                  130.20,               5.7447e-12
                  130.24,               5.0532e-12
                  130.28,               8.2270e-12
                  130.32,               5.5319e-12
                  130.36,               4.5745e-12
                  130.40,               9.5567e-12
                  130.44,               8.3156e-12
                  130.48,               8.4397e-12
                  130.52,               9.0071e-12
                  130.56,               6.2234e-12
                  130.60,               1.6135e-12
                  130.64,               5.8156e-12
                  130.68,               2.6418e-12
                  130.72,               8.5106e-12
                  130.76,               5.2482e-12
                  130.80,               1.5426e-12
                  130.84,               2.8546e-12
                  130.88,               5.3901e-12
                  130.92,               4.7163e-12
                  130.96,               8.0319e-12
                  131.00,               6.5071e-12
                  131.04,               2.9965e-12
                  131.08,               7.5532e-12
                  131.12,               2.9965e-12
                  131.16,               2.6596e-12
                  131.20,               4.4326e-12
                  131.24,               5.1241e-12
                  131.28,               3.4043e-12
                  131.32,               7.2695e-12
                  131.36,               1.0638e-13
                  131.40,               3.4043e-12
                  131.44,               4.7695e-12
                  131.48,               1.4007e-12
                  131.52,               4.0248e-12
                  131.56,               9.4149e-12
                  131.60,               6.4362e-12
                  131.64,               8.1028e-12
                  131.68,               5.4610e-12
                  131.72,              -1.3652e-12
                  131.76,               6.3830e-12
                  131.80,               6.6312e-12
                  131.84,               5.8156e-12
                  131.88,               6.3652e-12
                  131.92,               4.8404e-12
                  131.96,               1.6844e-12
                  132.00,               7.4113e-12
                  132.04,               4.1667e-12
                  132.08,               7.2695e-12
                  132.12,               4.5745e-12
                  132.16,               2.5709e-12
                  132.20,               4.7872e-12
                  132.24,               9.2730e-12
                  132.28,               5.3901e-12
                  132.32,               7.6064e-12
                  132.36,               5.2660e-12
                  132.40,               2.8546e-12
                  132.44,               6.6489e-12
                  132.48,               7.8369e-12
                  132.52,               4.3617e-12
                  132.56,               6.3652e-12
                  132.60,               3.7411e-12
                  132.64,               3.5461e-14
                  132.68,               5.2660e-12
                  132.72,               1.7553e-12
                  132.76,               5.6028e-12
                  132.80,               8.2270e-12
                  132.84,               5.8865e-12
                  132.88,               4.0248e-12
                  132.92,               8.7943e-12
                  132.96,               3.8830e-12
                  133.00,               5.8156e-12
                  133.04,               3.8121e-12
                  133.08,               6.0816e-12
                  133.12,               8.8652e-12
                  133.16,               8.8652e-12
                  133.20,               5.2482e-12
                  133.24,               4.2908e-12
                  133.28,               5.4078e-12
                  133.32,               3.5461e-12
                  133.36,               6.6312e-12
                  133.40,               3.8121e-12
                  133.44,               5.1241e-12
                  133.48,               4.8582e-12
                  133.52,               1.8262e-12
                  133.56,               2.3050e-12
                  133.60,               9.0603e-12
                  133.64,               5.6738e-12
                  133.68,               6.7730e-12
                  133.72,               5.3901e-12
                  133.76,               2.4291e-12
                  133.80,               3.1915e-12
                  133.84,               6.3652e-12
                  133.88,               3.4752e-12
                  133.92,               4.2908e-12
                  133.96,               4.3617e-12
                  134.00,               3.9539e-12
                  134.04,               1.1933e-11
                  134.08,               7.6064e-12
                  134.12,               8.5816e-12
                  134.16,               8.3688e-12
                  134.20,               7.9610e-12
                  134.24,               1.0195e-11
                  134.28,               1.6277e-11
                  134.32,               1.1223e-11
                  134.36,               1.3191e-11
                  134.40,               9.6809e-12
                  134.44,               5.8156e-12
                  134.48,               8.6702e-12
                  134.52,               1.0337e-11
                  134.56,               8.0319e-12
                  134.60,               8.9894e-12
                  134.64,               5.6738e-12
                  134.68,               3.7411e-12
                  134.72,               9.5035e-12
                  134.76,               8.8652e-12
                  134.80,               4.8404e-12
                  134.84,               5.4078e-12
                  134.88,               4.5035e-12
                  134.92,               5.4787e-12
                  134.96,               1.0816e-11
                  135.00,               3.6879e-12
                  135.04,               3.2624e-12
                  135.08,               2.7128e-12
                  135.12,              -1.9681e-12
                  135.16,               2.0213e-12
                  135.20,               5.4610e-12
                  135.24,               4.3794e-12
                  135.28,               8.1028e-12
                  135.32,               6.1525e-12
                  135.36,              -3.1915e-13
                  135.40,               4.6454e-12
                  135.44,               1.9681e-12
                  135.48,               3.4043e-12
                  135.52,               4.4326e-12
                  135.56,               3.6702e-12
                  135.60,               6.5603e-13
                  135.64,               7.3936e-12
                  135.68,               4.9823e-12
                  135.72,               7.9610e-12
                  135.76,               8.5816e-12
                  135.80,               6.0816e-12
                  135.84,               7.2695e-12
                  135.88,               1.1383e-11
                  135.92,               9.0780e-12
                  135.96,               1.1223e-11
                  136.00,               1.0532e-11
                  136.04,               7.4645e-12
                  136.08,               1.1436e-11
                  136.12,               7.4823e-12
                  136.16,               8.5816e-12
                  136.20,               7.1277e-12
                  136.24,               5.1241e-12
                  136.28,               4.2199e-12
                  136.32,               9.6986e-12
                  136.36,               5.9574e-12
                  136.40,               5.3901e-12
                  136.44,               6.5071e-12
                  136.48,               4.2199e-12
                  136.52,               8.5993e-12
                  136.56,               1.2358e-11
                  136.60,               8.2979e-12
                  136.64,               1.0957e-11
                  136.68,               8.5816e-12
                  136.72,               5.3901e-12
                  136.76,               1.0532e-11
                  136.80,               1.0390e-11
                  136.84,               8.9184e-12
                  136.88,               5.8865e-12
                  136.92,               3.9539e-12
                  136.96,              -1.7730e-13
                  137.00,               6.7199e-12
                  137.04,               3.6170e-12
                  137.08,               6.9149e-12
                  137.12,               4.5745e-12
                  137.16,               2.7837e-12
                  137.20,               5.9574e-12
                  137.24,               9.8404e-12
                  137.28,               6.5603e-13
                  137.32,               1.8972e-12
                  137.36,              -1.2057e-12
                  137.40,              -9.2199e-13
                  137.44,               5.3369e-12
                  137.48,               6.2943e-12
                  137.52,               4.5745e-12
                  137.56,               4.4326e-12
                  137.60,               3.6879e-12
                  137.64,               3.5461e-14
                  137.68,               7.4823e-12
                  137.72,               3.9539e-12
                  137.76,               6.5071e-12
                  137.80,               8.0319e-12
                  137.84,               3.3333e-12
                  137.88,               3.6702e-12
                  137.92,               7.7482e-12
                  137.96,               3.6879e-12
                  138.00,               6.6312e-12
                  138.04,               5.2482e-12
                  138.08,               3.1206e-12
                  138.12,               7.4113e-12
                  138.16,               8.7411e-12
                  138.20,               4.3617e-12
                  138.24,               5.2482e-12
                  138.28,               4.2199e-12
                  138.32,               1.4007e-12
                  138.36,               8.5993e-12
                  138.40,               8.8652e-12
                  138.44,               9.4326e-12
                  138.48,               7.3936e-12
                  138.52,               4.0957e-12
                  138.56,               4.1667e-12
                  138.60,               1.0248e-11
                  138.64,               5.0532e-12
                  138.68,               9.6277e-12
                  138.72,               6.2234e-12
                  138.76,               3.0674e-12
                  138.80,               6.5248e-12
                  138.84,               8.7411e-12
                  138.88,               9.2908e-12
                  138.92,               1.1507e-11
                  138.96,               8.1738e-12
                  139.00,               2.9255e-12
                  139.04,               8.9362e-12
                  139.08,               5.8156e-12
                  139.12,               6.3652e-12
                  139.16,               9.4858e-12
                  139.20,               7.1986e-12
                  139.24,               5.7447e-12
                  139.28,               1.5301e-11
                  139.32,               1.1720e-11
                  139.36,               1.5018e-11
                  139.40,               1.3759e-11
                  139.44,               1.0248e-11
                  139.48,               1.3209e-11
                  139.52,               1.7624e-11
                  139.56,               1.3191e-11
                  139.60,               1.4379e-11
                  139.64,               9.3440e-12
                  139.68,               5.8156e-12
                  139.72,               9.4149e-12
                  139.76,               8.5106e-12
                  139.80,               9.6986e-12
                  139.84,               7.8191e-12
                  139.88,               5.1241e-12
                  139.92,               3.6170e-12
                  139.96,               8.9362e-12
                  140.00,               2.7837e-12
                  140.04,               5.8156e-12
                  140.08,               5.0532e-12
                  140.12,               3.8830e-12
                  140.16,               4.1489e-12
                  140.20,               7.2695e-12
                  140.24,               6.1702e-12
                  140.28,               1.0124e-11
                  140.32,               5.9574e-12
                  140.36,               4.1667e-12
                  140.40,               7.0567e-12
                  140.44,               5.0000e-12
                  140.48,               4.6454e-12
                  140.52,               5.9574e-12
                  140.56,               1.7553e-12
                  140.60,               9.2199e-13
                  140.64,               8.5816e-12
                  140.68,               3.9539e-12
                  140.72,               7.6064e-12
                  140.76,               4.9823e-12
                  140.80,               3.1206e-12
                  140.84,               4.5213e-12
                  140.88,               9.0071e-12
                  140.92,               6.9149e-12
                  140.96,               5.9574e-12
                  141.00,               4.2376e-12
                  141.04,              -4.0780e-12
                  141.08,               2.2340e-12
                  141.12,               5.2660e-12
                  141.16,               4.5745e-12
                  141.20,               7.0567e-12
                  141.24,               5.9574e-12
                  141.28,               3.8830e-12
                  141.32,               1.3050e-11
                  141.36,               1.1099e-11
                  141.40,               1.3475e-11
                  141.44,               1.2837e-11
                  141.48,               1.0674e-11
                  141.52,               7.8901e-12
                  141.56,               1.1383e-11
                  141.60,               6.9858e-12
                  141.64,               1.0674e-11
                  141.68,               9.8404e-12
                  141.72,               4.7163e-12
                  141.76,               8.7411e-12
                  141.80,               8.5284e-12
                  141.84,               4.0957e-12
                  141.88,               3.9539e-12
                  141.92,               7.8014e-13
                  141.96,              -2.1277e-12
                  142.00,               6.7199e-12
                  142.04,               6.8440e-12
                  142.08,               9.8404e-12
                  142.12,               8.2979e-12
                  142.16,               3.9007e-12
                  142.20,               4.4326e-12
                  142.24,               8.7943e-12
                  142.28,               4.8582e-12
                  142.32,               8.7943e-12
                  142.36,               9.9823e-12
                  142.40,               5.4610e-12
                  142.44,               1.1738e-11
                  142.48,               1.0957e-11
                  142.52,               8.9362e-12
                  142.56,               6.5071e-12
                  142.60,               8.4397e-12
                  142.64,               8.1738e-12
                  142.68,               1.4592e-11
                  142.72,               8.0319e-12
                  142.76,               8.7234e-12
                  142.80,               8.7234e-12
                  142.84,               5.6738e-12
                  142.88,               8.6879e-13
                  142.92,               6.2234e-12
                  142.96,               5.6738e-12
                  143.00,               9.3440e-12
                  143.04,               1.0248e-11
                  143.08,               8.2979e-12
                  143.12,               1.1791e-11
                  143.16,               9.8404e-12
                  143.20,               1.2004e-11
                  143.24,               1.2624e-11
                  143.28,               1.0957e-11
                  143.32,               7.8191e-12
                  143.36,               1.1578e-11
                  143.40,               8.4397e-12
                  143.44,               8.6525e-12
                  143.48,               1.1649e-11
                  143.52,               9.4858e-12
                  143.56,               5.3901e-12
                  143.60,               7.1277e-12
                  143.64,               2.6418e-12
                  143.68,               9.2730e-12
                  143.72,               8.9894e-12
                  143.76,               3.4752e-12
                  143.80,               5.6028e-12
                  143.84,               8.8652e-12
                  143.88,               5.3369e-12
                  143.92,               8.1560e-12
                  143.96,               7.2695e-12
                  144.00,               4.4326e-13
                  144.04,               2.5887e-12
                  144.08,              -1.0638e-13
                  144.12,               2.3050e-12
                  144.16,               2.1631e-12
                  144.20,               1.2766e-12
                  144.24,               1.8972e-12
                  144.28,               6.8440e-12
                  144.32,               3.8121e-12
                  144.36,               6.0816e-12
                  144.40,               2.1631e-12
                  144.44,              -1.3475e-12
                  144.48,               1.4184e-12
                  144.52,               6.2234e-12
                  144.56,               7.1986e-12
                  144.60,               9.3440e-12
                  144.64,               6.5071e-12
                  144.68,               3.7411e-12
                  144.72,               1.1525e-11
                  144.76,               1.1099e-11
                  144.80,               1.2642e-11
                  144.84,               1.2908e-11
                  144.88,               1.0390e-11
                  144.92,               5.3901e-12
                  144.96,               1.0461e-11
                  145.00,               4.2908e-12
                  145.04,               7.3936e-12
                  145.08,               8.0319e-12
                  145.12,               5.1950e-12
                  145.16,               4.6454e-12
                  145.20,               7.2695e-12
                  145.24,               4.1667e-12
                  145.28,               7.6773e-12
                  145.32,               7.5355e-12
                  145.36,               4.2199e-12
                  145.40,               8.8830e-12
                  145.44,               1.0674e-11
                  145.48,               7.2695e-12
                  145.52,               7.7482e-12
                  145.56,               3.2624e-12
                  145.60,               1.0106e-12
                  145.64,               5.8156e-12
                  145.68,               4.2908e-12
                  145.72,               5.8688e-12
                  145.76,               7.1986e-12
                  145.80,               3.4043e-12
                  145.84,               5.6738e-13
                  145.88,               9.0603e-12
                  145.92,               3.2624e-12
                  145.96,               4.9113e-12
                  146.00,               4.3085e-12
                  146.04,               7.9787e-13
                  146.08,               7.6241e-12
                  146.12,               8.7943e-12
                  146.16,               5.8156e-12
                  146.20,               6.5603e-12
                  146.24,               4.3617e-12
                  146.28,               2.2340e-12
                  146.32,               8.1738e-12
                  146.36,               7.1277e-12
                  146.40,               1.2908e-11
                  146.44,               1.2216e-11
                  146.48,               8.5816e-12
                  146.52,               6.2943e-12
                  146.56,               9.2730e-12
                  146.60,               6.6489e-12
                  146.64,               1.0124e-11
                  146.68,               6.5603e-12
                  146.72,               2.0390e-12
                  146.76,               5.6915e-12
                  146.80,               7.0745e-12
                  146.84,               1.6135e-12
                  146.88,               2.5709e-12
                  146.92,               4.5745e-12
                  146.96,               3.8830e-12
                  147.00,               1.3972e-11
                  147.04,               8.2447e-12
                  147.08,               9.0071e-12
                  147.12,               9.4149e-12
                  147.16,               7.9610e-12
                  147.20,               8.0319e-12
                  147.24,               1.4096e-11
                  147.28,               5.9574e-12
                  147.32,               5.1241e-12
                  147.36,               4.2199e-12
                  147.40,               2.8546e-12
                  147.44,               6.6489e-12
                  147.48,               8.2447e-12
                  147.52,               4.2908e-12
                  147.56,               7.6773e-12
                  147.60,               9.6277e-12
                  147.64,               9.0603e-12
                  147.68,               1.4468e-11
                  147.72,               1.1312e-11
                  147.76,               1.0603e-11
                  147.80,               8.1738e-12
                  147.84,               3.8830e-12
                  147.88,               5.5319e-12
                  147.92,               1.2358e-11
                  147.96,               9.2730e-12
                  148.00,               1.4238e-11
                  148.04,               1.2004e-11
                  148.08,               5.1241e-12
                  148.12,               3.9539e-12
                  148.16,               6.0816e-12
                  148.20,               6.1525e-12
                  148.24,               1.0035e-11
                  148.28,               7.6064e-12
                  148.32,               6.0816e-12
                  148.36,               1.1241e-11
                  148.40,               6.3830e-12
                  148.44,               6.5071e-12
                  148.48,               5.4610e-12
                  148.52,               4.2908e-12
                  148.56,               5.4610e-12
                  148.60,               1.5089e-11
                  148.64,               8.1028e-12
                  148.68,               1.0106e-11
                  148.72,               9.8227e-12
                  148.76,               7.2695e-12
                  148.80,               1.0745e-11
                  148.84,               1.3475e-11
                  148.88,               8.9894e-12
                  148.92,               1.0532e-11
                  148.96,               8.2270e-12
                  149.00,               3.2624e-12
                  149.04,               8.4574e-12
                  149.08,               1.0532e-11
                  149.12,               1.1454e-11
                  149.16,               1.2358e-11
                  149.20,               1.1933e-11
                  149.24,               6.0816e-12
                  149.28,               1.3121e-11
                  149.32,               9.9113e-12
                  149.36,               8.2979e-12
                  149.40,               9.5567e-12
                  149.44,               5.4078e-12
                  149.48,               6.6489e-12
                  149.52,               1.0266e-11
                  149.56,               8.2447e-12
                  149.60,               9.4858e-12
                  149.64,               9.8404e-12
                  149.68,               5.9574e-12
                  149.72,               1.2642e-11
                  149.76,               1.0550e-11
                  149.80,               1.0816e-11
                  149.84,               1.5230e-11
                  149.88,               1.3262e-11
                  149.92,               5.8865e-12
                  149.96,               1.0957e-11
                  150.00,               6.3652e-12
