SRS RGASoft 4.1.0 - Residual Gas Analyzer Software
Document Created on, Friday, October 10, 2025 10:32:26 AM, Central Daylight Time
RGA ID, SRSRGA200VER0.24SN18194


Scan Mode, Analog
Number of Data Points, 3726
Units, Torr
Start Mass, 1, AMU
Stop Mass, 150, AMU
Points Per AMU, 25
Scan Rate, 5.00
Detector, Faraday Cup
Focus Voltage, 90, V
Ion Energy, 12, eV
Electron Energy, 70, eV
CEM Voltage, 0, V
CEM Gain, 1.145
Partial Pressure Sensitivity Factor, 5.64
Total Pressure Sensitivity Factor, 0.237
Filament Current, 1.60, mA


Analog Scan Data
----------------

              Mass (AMU),         Intensity (Torr)
                    1.00,               4.7926e-11
                    1.04,               5.5319e-11
                    1.08,               6.8156e-11
                    1.12,               8.3528e-11
                    1.16,               1.1204e-10
                    1.20,               2.5668e-10
                    1.24,               5.6695e-10
                    1.28,               7.2777e-10
                    1.32,               6.0954e-10
                    1.36,               4.7463e-10
                    1.40,               3.9746e-10
                    1.44,               3.5271e-10
                    1.48,               3.6773e-10
                    1.52,               4.5516e-10
                    1.56,               5.3956e-10
                    1.60,               5.9801e-10
                    1.64,               6.6599e-10
                    1.68,               7.2002e-10
                    1.72,               7.7550e-10
                    1.76,               8.4236e-10
                    1.80,               9.0785e-10
                    1.84,               9.8496e-10
                    1.88,               1.0490e-09
                    1.92,               1.0895e-09
                    1.96,               1.1366e-09
                    2.00,               1.1528e-09
                    2.04,               1.1338e-09
                    2.08,               1.1038e-09
                    2.12,               1.0838e-09
                    2.16,               1.0788e-09
                    2.20,               1.0180e-09
                    2.24,               9.4404e-10
                    2.28,               7.8067e-10
                    2.32,               5.6129e-10
                    2.36,               3.4534e-10
                    2.40,               2.2576e-10
                    2.44,               1.5438e-10
                    2.48,               1.0488e-10
                    2.52,               6.7376e-11
                    2.56,               4.3936e-11
                    2.60,               2.7358e-11
                    2.64,               1.8794e-11
                    2.68,               1.3457e-11
                    2.72,               6.1348e-12
                    2.76,               2.3936e-12
                    2.80,              -2.3582e-12
                    2.84,              -2.1277e-13
                    2.88,               3.8652e-12
                    2.92,              -2.8369e-13
                    2.96,              -7.5355e-12
                    3.00,              -7.3404e-12
                    3.04,              -1.2216e-11
                    3.08,              -1.1613e-11
                    3.12,              -5.3369e-12
                    3.16,              -5.5496e-12
                    3.20,              -9.8050e-12
                    3.24,              -1.1277e-11
                    3.28,              -1.1755e-11
                    3.32,              -9.8759e-12
                    3.36,              -1.1879e-11
                    3.40,              -1.3972e-11
                    3.44,              -1.0922e-11
                    3.48,              -1.3546e-11
                    3.52,              -1.2429e-11
                    3.56,              -1.0284e-11
                    3.60,              -9.8759e-12
                    3.64,              -1.5514e-11
                    3.68,              -1.5514e-11
                    3.72,              -1.6348e-11
                    3.76,              -1.6844e-11
                    3.80,              -1.2943e-11
                    3.84,              -1.2039e-11
                    3.88,              -1.3422e-11
                    3.92,              -1.0018e-11
                    3.96,              -1.1401e-11
                    4.00,              -5.3191e-12
                    4.04,              -3.7589e-12
                    4.08,              -6.2234e-12
                    4.12,              -8.0851e-12
                    4.16,              -1.2092e-11
                    4.20,              -1.3759e-11
                    4.24,              -1.2092e-11
                    4.28,              -9.5390e-12
                    4.32,              -1.2234e-11
                    4.36,              -1.3759e-11
                    4.40,              -1.8174e-11
                    4.44,              -1.5230e-11
                    4.48,              -1.3138e-11
                    4.52,              -1.5443e-11
                    4.56,              -3.2074e-11
                    4.60,              -4.1046e-11
                    4.64,              -3.0035e-11
                    4.68,              -2.1082e-11
                    4.72,               7.0390e-12
                    4.76,               1.5426e-12
                    4.80,              -3.1915e-12
                    4.84,              -5.8156e-12
                    4.88,              -9.5390e-12
                    4.92,              -4.5035e-12
                    4.96,              -5.4787e-12
                    5.00,              -1.1418e-11
                    5.04,              -1.2287e-11
                    5.08,              -1.1649e-11
                    5.12,              -1.2996e-11
                    5.16,              -7.5532e-12
                    5.20,              -7.8191e-12
                    5.24,              -1.2092e-11
                    5.28,              -1.1489e-11
                    5.32,              -1.5372e-11
                    5.36,              -1.4326e-11
                    5.40,              -9.2553e-12
                    5.44,              -1.0160e-11
                    5.48,              -1.0230e-11
                    5.52,              -1.0213e-11
                    5.56,              -1.0355e-11
                    5.60,              -4.3794e-12
                    5.64,              -5.3369e-12
                    5.68,              -5.4078e-12
                    5.72,              -8.0851e-12
                    5.76,              -1.1525e-11
                    5.80,              -9.4681e-12
                    5.84,              -7.2695e-12
                    5.88,              -8.1028e-12
                    5.92,              -1.2642e-11
                    5.96,              -9.5390e-12
                    6.00,              -9.6099e-12
                    6.04,              -6.5071e-12
                    6.08,              -2.6418e-12
                    6.12,              -6.5780e-12
                    6.16,              -8.4397e-12
                    6.20,              -1.0567e-11
                    6.24,              -1.0887e-11
                    6.28,              -5.1241e-12
                    6.32,              -5.6915e-12
                    6.36,              -6.6312e-12
                    6.40,              -4.7872e-12
                    6.44,              -5.5496e-12
                    6.48,              -5.6206e-12
                    6.52,              -3.6879e-12
                    6.56,              -3.6879e-12
                    6.60,              -6.5248e-12
                    6.64,              -3.6879e-12
                    6.68,              -1.1312e-11
                    6.72,              -6.2234e-12
                    6.76,              -5.0532e-12
                    6.80,              -1.0443e-11
                    6.84,              -1.6773e-11
                    6.88,              -1.2589e-11
                    6.92,              -1.4326e-11
                    6.96,              -1.0230e-11
                    7.00,              -1.0213e-11
                    7.04,              -1.1135e-11
                    7.08,              -8.9894e-12
                    7.12,              -1.2447e-11
                    7.16,              -1.4468e-11
                    7.20,              -9.0603e-12
                    7.24,              -7.5532e-12
                    7.28,              -1.3848e-11
                    7.32,              -1.3688e-11
                    7.36,              -1.5089e-11
                    7.40,              -1.0993e-11
                    7.44,              -8.2979e-12
                    7.48,              -6.0993e-12
                    7.52,              -6.6489e-12
                    7.56,              -5.6738e-12
                    7.60,              -7.9610e-12
                    7.64,              -2.7128e-12
                    7.68,              -2.4291e-12
                    7.72,              -4.3617e-12
                    7.76,              -2.6418e-12
                    7.80,              -2.7837e-12
                    7.84,              -2.1454e-12
                    7.88,               2.8723e-12
                    7.92,               1.8262e-12
                    7.96,              -3.7411e-12
                    8.00,              -3.3333e-12
                    8.04,              -8.9184e-12
                    8.08,              -7.0745e-12
                    8.12,              -3.0674e-12
                    8.16,              -2.6418e-12
                    8.20,              -7.6773e-12
                    8.24,              -5.5496e-12
                    8.28,              -6.7199e-12
                    8.32,              -4.1667e-12
                    8.36,              -3.8298e-12
                    8.40,              -7.3227e-12
                    8.44,              -6.4362e-12
                    8.48,              -7.0567e-12
                    8.52,              -5.5496e-12
                    8.56,               8.5106e-13
                    8.60,              -1.0461e-12
                    8.64,              -4.1667e-12
                    8.68,              -1.8794e-12
                    8.72,              -6.5248e-12
                    8.76,              -2.3582e-12
                    8.80,              -1.9504e-13
                    8.84,               4.2553e-13
                    8.88,              -8.5106e-12
                    8.92,              -6.1702e-12
                    8.96,              -7.2695e-12
                    9.00,              -5.0000e-12
                    9.04,              -4.9291e-12
                    9.08,              -9.5390e-12
                    9.12,              -7.4823e-12
                    9.16,              -1.1188e-11
                    9.20,              -7.8901e-12
                    9.24,              -4.5035e-12
                    9.28,              -2.7837e-12
                    9.32,              -1.0851e-11
                    9.36,              -7.8901e-12
                    9.40,              -9.9468e-12
                    9.44,              -8.2447e-12
                    9.48,              -5.9574e-12
                    9.52,              -6.9326e-12
                    9.56,              -1.3262e-11
                    9.60,              -1.0709e-11
                    9.64,              -1.1950e-11
                    9.68,              -5.6738e-12
                    9.72,              -3.0496e-12
                    9.76,              -9.5390e-12
                    9.80,              -9.7518e-12
                    9.84,              -1.0993e-11
                    9.88,              -9.3262e-12
                    9.92,              -5.9574e-12
                    9.96,              -1.8794e-12
                   10.00,              -9.1135e-12
                   10.04,              -8.9894e-12
                   10.08,              -1.3067e-11
                   10.12,              -7.0745e-12
                   10.16,              -5.8333e-12
                   10.20,              -8.5106e-12
                   10.24,              -1.5018e-11
                   10.28,              -1.3759e-11
                   10.32,              -1.6011e-11
                   10.36,              -7.8901e-12
                   10.40,              -2.6418e-12
                   10.44,              -4.8582e-12
                   10.48,              -4.8582e-12
                   10.52,              -6.7199e-12
                   10.56,              -6.5780e-12
                   10.60,              -3.9539e-12
                   10.64,              -3.3333e-12
                   10.68,              -9.7340e-12
                   10.72,              -7.4823e-12
                   10.76,              -1.1330e-11
                   10.80,              -8.1028e-12
                   10.84,              -2.9965e-12
                   10.88,              -1.0461e-12
                   10.92,              -3.2092e-12
                   10.96,              -2.9078e-12
                   11.00,              -7.4823e-12
                   11.04,              -8.1028e-12
                   11.08,              -4.7872e-12
                   11.12,              -9.0071e-12
                   11.16,              -9.1312e-12
                   11.20,              -9.3262e-12
                   11.24,              -7.5532e-12
                   11.28,              -3.1915e-12
                   11.32,              -2.7128e-12
                   11.36,              -1.0993e-12
                   11.40,              -3.3688e-13
                   11.44,              -4.5745e-12
                   11.48,              -8.3333e-13
                   11.52,               1.0957e-11
                   11.56,               2.0993e-11
                   11.60,               2.7216e-11
                   11.64,               4.2216e-11
                   11.68,               5.0372e-11
                   11.72,               6.3582e-11
                   11.76,               7.9645e-11
                   11.80,               8.2943e-11
                   11.84,               9.1099e-11
                   11.88,               1.0259e-10
                   11.92,               1.0853e-10
                   11.96,               1.1862e-10
                   12.00,               1.2262e-10
                   12.04,               1.2271e-10
                   12.08,               1.2220e-10
                   12.12,               1.1622e-10
                   12.16,               1.1071e-10
                   12.20,               1.0410e-10
                   12.24,               8.2323e-11
                   12.28,               5.7270e-11
                   12.32,               4.0426e-11
                   12.36,               2.4344e-11
                   12.40,               1.6543e-11
                   12.44,               1.7340e-11
                   12.48,               1.1596e-11
                   12.52,               1.1454e-11
                   12.56,               6.3475e-12
                   12.60,              -2.5709e-12
                   12.64,              -1.6667e-12
                   12.68,              -6.9149e-13
                   12.72,              -3.7411e-12
                   12.76,              -1.5957e-12
                   12.80,              -3.0674e-12
                   12.84,              -2.6418e-12
                   12.88,               2.4645e-12
                   12.92,               4.5567e-12
                   12.96,               2.3936e-12
                   13.00,               5.1950e-12
                   13.04,               6.7553e-12
                   13.08,               1.0319e-11
                   13.12,               1.9450e-11
                   13.16,               2.4486e-11
                   13.20,               2.5798e-11
                   13.24,               3.3652e-11
                   13.28,               4.5195e-11
                   13.32,               6.9894e-11
                   13.36,               1.0436e-10
                   13.40,               1.5770e-10
                   13.44,               2.6672e-10
                   13.48,               5.7023e-10
                   13.52,               1.3713e-09
                   13.56,               2.8501e-09
                   13.60,               4.5299e-09
                   13.64,               5.6874e-09
                   13.68,               6.6268e-09
                   13.72,               7.3790e-09
                   13.76,               7.9897e-09
                   13.80,               8.7738e-09
                   13.84,               9.3702e-09
                   13.88,               9.4070e-09
                   13.92,               9.3828e-09
                   13.96,               9.3222e-09
                   14.00,               9.5162e-09
                   14.04,               9.4790e-09
                   14.08,               8.7494e-09
                   14.12,               8.2600e-09
                   14.16,               7.5656e-09
                   14.20,               5.2612e-09
                   14.24,               2.0727e-09
                   14.28,               9.1514e-10
                   14.32,               5.3179e-10
                   14.36,               3.5230e-10
                   14.40,               2.4376e-10
                   14.44,               1.7996e-10
                   14.48,               1.4385e-10
                   14.52,               1.1676e-10
                   14.56,               9.3316e-11
                   14.60,               8.2784e-11
                   14.64,               7.3369e-11
                   14.68,               7.4415e-11
                   14.72,               6.8298e-11
                   14.76,               6.5160e-11
                   14.80,               5.8723e-11
                   14.84,               5.6241e-11
                   14.88,               5.6543e-11
                   14.92,               6.0355e-11
                   14.96,               5.8723e-11
                   15.00,               5.9734e-11
                   15.04,               6.2695e-11
                   15.08,               5.8404e-11
                   15.12,               6.3723e-11
                   15.16,               6.9486e-11
                   15.20,               7.4504e-11
                   15.24,               7.2340e-11
                   15.28,               8.1738e-11
                   15.32,               9.7642e-11
                   15.36,               1.3303e-10
                   15.40,               1.9823e-10
                   15.44,               3.3131e-10
                   15.48,               6.7922e-10
                   15.52,               1.5906e-09
                   15.56,               3.0841e-09
                   15.60,               4.6322e-09
                   15.64,               5.8070e-09
                   15.68,               6.6186e-09
                   15.72,               7.3273e-09
                   15.76,               7.8748e-09
                   15.80,               8.4474e-09
                   15.84,               8.9935e-09
                   15.88,               9.1440e-09
                   15.92,               9.0033e-09
                   15.96,               9.1931e-09
                   16.00,               9.3413e-09
                   16.04,               9.0867e-09
                   16.08,               8.5110e-09
                   16.12,               8.2323e-09
                   16.16,               7.1385e-09
                   16.20,               4.1340e-09
                   16.24,               1.6255e-09
                   16.28,               8.3330e-10
                   16.32,               5.5941e-10
                   16.36,               4.4463e-10
                   16.40,               4.2879e-10
                   16.44,               5.1402e-10
                   16.48,               8.9926e-10
                   16.52,               2.0539e-09
                   16.56,               4.0728e-09
                   16.60,               5.9825e-09
                   16.64,               7.5306e-09
                   16.68,               8.5835e-09
                   16.72,               9.3713e-09
                   16.76,               1.0252e-08
                   16.80,               1.1106e-08
                   16.84,               1.1951e-08
                   16.88,               1.2235e-08
                   16.92,               1.2026e-08
                   16.96,               1.2287e-08
                   17.00,               1.3014e-08
                   17.04,               1.2749e-08
                   17.08,               1.1624e-08
                   17.12,               1.1529e-08
                   17.16,               1.0681e-08
                   17.20,               6.6214e-09
                   17.24,               2.3749e-09
                   17.28,               1.2312e-09
                   17.32,               9.7729e-10
                   17.36,               1.0510e-09
                   17.40,               1.4336e-09
                   17.44,               2.4561e-09
                   17.48,               5.8407e-09
                   17.52,               1.3468e-08
                   17.56,               2.2764e-08
                   17.60,               3.0301e-08
                   17.64,               3.7258e-08
                   17.68,               4.2459e-08
                   17.72,               4.5632e-08
                   17.76,               4.9277e-08
                   17.80,               5.4009e-08
                   17.84,               5.8364e-08
                   17.88,               5.9726e-08
                   17.92,               5.8663e-08
                   17.96,               5.8541e-08
                   18.00,               6.2443e-08
                   18.04,               6.1122e-08
                   18.08,               5.5218e-08
                   18.12,               5.6418e-08
                   18.16,               5.1656e-08
                   18.20,               2.9819e-08
                   18.24,               5.9334e-09
                   18.28,               1.8004e-09
                   18.32,               8.8989e-10
                   18.36,               5.4683e-10
                   18.40,               3.7301e-10
                   18.44,               2.7312e-10
                   18.48,               2.0849e-10
                   18.52,               1.8293e-10
                   18.56,               1.7720e-10
                   18.60,               1.7996e-10
                   18.64,               1.8441e-10
                   18.68,               2.0518e-10
                   18.72,               2.1858e-10
                   18.76,               2.4035e-10
                   18.80,               2.7603e-10
                   18.84,               3.0305e-10
                   18.88,               3.2417e-10
                   18.92,               3.5998e-10
                   18.96,               3.9798e-10
                   19.00,               4.5062e-10
                   19.04,               5.2555e-10
                   19.08,               5.9654e-10
                   19.12,               6.9181e-10
                   19.16,               8.4812e-10
                   19.20,               1.0671e-09
                   19.24,               1.4864e-09
                   19.28,               2.2633e-09
                   19.32,               3.5580e-09
                   19.36,               5.8101e-09
                   19.40,               9.7073e-09
                   19.44,               1.9400e-08
                   19.48,               4.7345e-08
                   19.52,               8.0582e-08
                   19.56,               1.1022e-07
                   19.60,               1.3656e-07
                   19.64,               1.5064e-07
                   19.68,               1.6407e-07
                   19.72,               1.8005e-07
                   19.76,               1.9441e-07
                   19.80,               2.0828e-07
                   19.84,               2.0868e-07
                   19.88,               2.0095e-07
                   19.92,               2.0682e-07
                   19.96,               2.2277e-07
                   20.00,               2.2001e-07
                   20.04,               2.0069e-07
                   20.08,               2.0232e-07
                   20.12,               1.9440e-07
                   20.16,               1.1949e-07
                   20.20,               2.1999e-08
                   20.24,               4.0775e-09
                   20.28,               1.6914e-09
                   20.32,               9.0707e-10
                   20.36,               5.7285e-10
                   20.40,               4.0037e-10
                   20.44,               2.8314e-10
                   20.48,               2.0775e-10
                   20.52,               1.5465e-10
                   20.56,               1.1491e-10
                   20.60,               9.8422e-11
                   20.64,               8.1826e-11
                   20.68,               6.3759e-11
                   20.72,               5.2908e-11
                   20.76,               4.3351e-11
                   20.80,               3.9043e-11
                   20.84,               3.5585e-11
                   20.88,               3.1117e-11
                   20.92,               2.0975e-11
                   20.96,               1.8298e-11
                   21.00,               1.0816e-11
                   21.04,               1.4982e-11
                   21.08,               1.6702e-11
                   21.12,               1.0887e-11
                   21.16,               8.1738e-12
                   21.20,               5.9752e-12
                   21.24,               5.9043e-12
                   21.28,               1.2234e-11
                   21.32,               9.4504e-12
                   21.36,               3.3688e-12
                   21.40,               4.5035e-12
                   21.44,               2.1277e-13
                   21.48,               1.4184e-13
                   21.52,               6.8972e-12
                   21.56,               7.9610e-12
                   21.60,               2.3227e-12
                   21.64,               5.6206e-12
                   21.68,               2.0390e-12
                   21.72,               7.3404e-12
                   21.76,               1.5177e-11
                   21.80,               1.6702e-11
                   21.84,               1.9823e-11
                   21.88,               2.0248e-11
                   21.92,               1.9521e-11
                   21.96,               2.6472e-11
                   22.00,               3.0372e-11
                   22.04,               2.8475e-11
                   22.08,               2.6170e-11
                   22.12,               2.5798e-11
                   22.16,               2.7500e-11
                   22.20,               2.8174e-11
                   22.24,               2.3085e-11
                   22.28,               8.3865e-12
                   22.32,               1.0745e-11
                   22.36,               4.7163e-12
                   22.40,               2.9610e-12
                   22.44,               5.0709e-12
                   22.48,               5.3546e-12
                   22.52,              -8.3333e-13
                   22.56,              -8.3333e-13
                   22.60,              -1.8794e-12
                   22.64,               3.7943e-12
                   22.68,               6.3830e-13
                   22.72,              -2.8546e-12
                   22.76,              -9.5745e-13
                   22.80,              -5.2660e-12
                   22.84,              -3.9539e-12
                   22.88,               9.2199e-13
                   22.92,              -1.4539e-12
                   22.96,              -5.0000e-12
                   23.00,              -1.5248e-12
                   23.04,              -7.2695e-12
                   23.08,              -2.9787e-12
                   23.12,              -8.3333e-13
                   23.16,              -3.5461e-12
                   23.20,              -7.6064e-12
                   23.24,              -6.5780e-12
                   23.28,              -1.0018e-11
                   23.32,              -6.2411e-12
                   23.36,              -5.8333e-12
                   23.40,              -8.0319e-12
                   23.44,              -8.5106e-12
                   23.48,              -9.1135e-12
                   23.52,              -8.1560e-12
                   23.56,              -4.3794e-12
                   23.60,              -4.7872e-12
                   23.64,              -8.2270e-12
                   23.68,              -5.9574e-12
                   23.72,              -1.1755e-11
                   23.76,              -6.3121e-12
                   23.80,              -3.5461e-12
                   23.84,              -3.1915e-12
                   23.88,              -9.2553e-12
                   23.92,              -7.8901e-12
                   23.96,              -9.4681e-12
                   24.00,              -3.1915e-12
                   24.04,              -8.3333e-13
                   24.08,              -4.0957e-12
                   24.12,              -6.1702e-12
                   24.16,              -1.2447e-11
                   24.20,              -9.4681e-12
                   24.24,              -5.5496e-12
                   24.28,              -5.5496e-12
                   24.32,              -1.1543e-11
                   24.36,              -9.0603e-12
                   24.40,              -1.0904e-11
                   24.44,              -4.1667e-12
                   24.48,              -1.5248e-12
                   24.52,              -2.0213e-12
                   24.56,              -6.2943e-12
                   24.60,              -5.2660e-12
                   24.64,              -8.8475e-12
                   24.68,              -1.5248e-12
                   24.72,               5.7624e-12
                   24.76,               3.2270e-12
                   24.80,               5.4255e-12
                   24.84,               2.1809e-12
                   24.88,               2.1099e-12
                   24.92,               7.3227e-12
                   24.96,               7.2518e-12
                   25.00,               4.5035e-12
                   25.04,               7.1809e-12
                   25.08,               2.5355e-12
                   25.12,               8.5284e-12
                   25.16,               1.1241e-11
                   25.20,               9.9645e-12
                   25.24,               2.1277e-13
                   25.28,              -1.0993e-12
                   25.32,              -2.8546e-12
                   25.36,              -2.7837e-12
                   25.40,              -4.2553e-13
                   25.44,              -3.7943e-12
                   25.48,              -5.1241e-12
                   25.52,              -7.3404e-12
                   25.56,              -5.0000e-12
                   25.60,              -1.5957e-12
                   25.64,              -2.8369e-13
                   25.68,              -3.4043e-12
                   25.72,               3.0851e-12
                   25.76,               4.9645e-13
                   25.80,               5.9929e-12
                   25.84,               1.0514e-11
                   25.88,               1.0656e-11
                   25.92,               8.3865e-12
                   25.96,               1.0035e-11
                   26.00,               9.6631e-12
                   26.04,               1.3387e-11
                   26.08,               1.6188e-11
                   26.12,               1.7128e-11
                   26.16,               1.7057e-11
                   26.20,               1.5266e-11
                   26.24,               1.4681e-11
                   26.28,               1.8794e-11
                   26.32,               2.1631e-11
                   26.36,               1.7642e-11
                   26.40,               1.9450e-11
                   26.44,               1.7713e-11
                   26.48,               2.2287e-11
                   26.52,               2.5443e-11
                   26.56,               2.8245e-11
                   26.60,               3.3067e-11
                   26.64,               4.5177e-11
                   26.68,               5.0461e-11
                   26.72,               6.1082e-11
                   26.76,               7.5851e-11
                   26.80,               8.9450e-11
                   26.84,               1.0122e-10
                   26.88,               1.2913e-10
                   26.92,               1.6979e-10
                   26.96,               2.2145e-10
                   27.00,               2.8670e-10
                   27.04,               3.7746e-10
                   27.08,               5.1098e-10
                   27.12,               6.8566e-10
                   27.16,               9.3445e-10
                   27.20,               1.3323e-09
                   27.24,               1.9312e-09
                   27.28,               2.7335e-09
                   27.32,               4.0587e-09
                   27.36,               5.8212e-09
                   27.40,               7.9959e-09
                   27.44,               1.1972e-08
                   27.48,               2.0725e-08
                   27.52,               4.5166e-08
                   27.56,               8.0433e-08
                   27.60,               1.1339e-07
                   27.64,               1.3970e-07
                   27.68,               1.6171e-07
                   27.72,               1.7921e-07
                   27.76,               2.0067e-07
                   27.80,               2.2152e-07
                   27.84,               2.3302e-07
                   27.88,               2.3381e-07
                   27.92,               2.3124e-07
                   27.96,               2.3798e-07
                   28.00,               2.5222e-07
                   28.04,               2.4105e-07
                   28.08,               2.3091e-07
                   28.12,               2.4510e-07
                   28.16,               2.0782e-07
                   28.20,               8.3620e-08
                   28.24,               1.4625e-08
                   28.28,               3.2348e-09
                   28.32,               1.4714e-09
                   28.36,               8.4030e-10
                   28.40,               5.5908e-10
                   28.44,               4.1268e-10
                   28.48,               3.3225e-10
                   28.52,               3.2041e-10
                   28.56,               3.8303e-10
                   28.60,               4.9328e-10
                   28.64,               6.3193e-10
                   28.68,               8.0016e-10
                   28.72,               9.8069e-10
                   28.76,               1.1741e-09
                   28.80,               1.3712e-09
                   28.84,               1.5232e-09
                   28.88,               1.5877e-09
                   28.92,               1.6206e-09
                   28.96,               1.6623e-09
                   29.00,               1.7601e-09
                   29.04,               1.7928e-09
                   29.08,               1.7413e-09
                   29.12,               1.7389e-09
                   29.16,               1.6625e-09
                   29.20,               1.1875e-09
                   29.24,               7.1355e-10
                   29.28,               4.3711e-10
                   29.32,               2.8445e-10
                   29.36,               2.0218e-10
                   29.40,               1.4902e-10
                   29.44,               1.1548e-10
                   29.48,               9.9539e-11
                   29.52,               8.7500e-11
                   29.56,               7.8830e-11
                   29.60,               8.9450e-11
                   29.64,               1.0270e-10
                   29.68,               1.2879e-10
                   29.72,               1.4723e-10
                   29.76,               1.6798e-10
                   29.80,               1.8734e-10
                   29.84,               2.0879e-10
                   29.88,               2.2739e-10
                   29.92,               2.4429e-10
                   29.96,               2.5434e-10
                   30.00,               2.6298e-10
                   30.04,               2.7232e-10
                   30.08,               2.6936e-10
                   30.12,               2.8030e-10
                   30.16,               2.7512e-10
                   30.20,               2.3144e-10
                   30.24,               1.6546e-10
                   30.28,               1.2181e-10
                   30.32,               8.7677e-11
                   30.36,               7.5142e-11
                   30.40,               6.2961e-11
                   30.44,               5.0851e-11
                   30.48,               4.1454e-11
                   30.52,               4.0106e-11
                   30.56,               3.8741e-11
                   30.60,               4.4574e-11
                   30.64,               4.6702e-11
                   30.68,               4.6401e-11
                   30.72,               5.7571e-11
                   30.76,               5.9184e-11
                   30.80,               7.6277e-11
                   30.84,               9.2979e-11
                   30.88,               1.1482e-10
                   30.92,               1.3855e-10
                   30.96,               1.8496e-10
                   31.00,               2.4340e-10
                   31.04,               3.3326e-10
                   31.08,               4.4970e-10
                   31.12,               5.7064e-10
                   31.16,               7.0743e-10
                   31.20,               9.4073e-10
                   31.24,               1.3043e-09
                   31.28,               1.8723e-09
                   31.32,               2.7304e-09
                   31.36,               3.8030e-09
                   31.40,               5.2320e-09
                   31.44,               7.5963e-09
                   31.48,               1.3216e-08
                   31.52,               3.0199e-08
                   31.56,               4.7790e-08
                   31.60,               6.4065e-08
                   31.64,               7.9303e-08
                   31.68,               9.1296e-08
                   31.72,               1.0549e-07
                   31.76,               1.2334e-07
                   31.80,               1.3375e-07
                   31.84,               1.3659e-07
                   31.88,               1.3692e-07
                   31.92,               1.3935e-07
                   31.96,               1.5109e-07
                   32.00,               1.5116e-07
                   32.04,               1.4158e-07
                   32.08,               1.4321e-07
                   32.12,               1.4395e-07
                   32.16,               9.1742e-08
                   32.20,               3.0686e-08
                   32.24,               6.2119e-09
                   32.28,               1.9174e-09
                   32.32,               9.5532e-10
                   32.36,               5.7401e-10
                   32.40,               3.9482e-10
                   32.44,               2.8660e-10
                   32.48,               2.1002e-10
                   32.52,               1.6057e-10
                   32.56,               1.2934e-10
                   32.60,               1.0979e-10
                   32.64,               1.0250e-10
                   32.68,               9.7270e-11
                   32.72,               8.8635e-11
                   32.76,               9.0514e-11
                   32.80,               9.0355e-11
                   32.84,               9.6436e-11
                   32.88,               1.0527e-10
                   32.92,               1.0878e-10
                   32.96,               1.0844e-10
                   33.00,               1.1232e-10
                   33.04,               1.0778e-10
                   33.08,               1.1140e-10
                   33.12,               1.1775e-10
                   33.16,               1.1395e-10
                   33.20,               9.2500e-11
                   33.24,               7.1773e-11
                   33.28,               5.3617e-11
                   33.32,               4.4184e-11
                   33.36,               3.9557e-11
                   33.40,               3.3812e-11
                   33.44,               3.5372e-11
                   33.48,               3.0904e-11
                   33.52,               4.4504e-11
                   33.56,               6.8103e-11
                   33.60,               9.6844e-11
                   33.64,               1.2872e-10
                   33.68,               1.7683e-10
                   33.72,               2.2438e-10
                   33.76,               2.8078e-10
                   33.80,               3.4525e-10
                   33.84,               3.8968e-10
                   33.88,               4.2149e-10
                   33.92,               4.4775e-10
                   33.96,               4.7629e-10
                   34.00,               5.0303e-10
                   34.04,               5.1261e-10
                   34.08,               5.1014e-10
                   34.12,               5.1546e-10
                   34.16,               4.8452e-10
                   34.20,               3.8344e-10
                   34.24,               2.7649e-10
                   34.28,               1.9099e-10
                   34.32,               1.3078e-10
                   34.36,               9.6170e-11
                   34.40,               6.5000e-11
                   34.44,               5.0142e-11
                   34.48,               3.8830e-11
                   34.52,               3.0160e-11
                   34.56,               2.0461e-11
                   34.60,               1.9610e-11
                   34.64,               1.3954e-11
                   34.68,               1.7128e-11
                   34.72,               1.7128e-11
                   34.76,               9.8227e-12
                   34.80,               7.7482e-12
                   34.84,               1.0230e-11
                   34.88,               1.2021e-11
                   34.92,               1.6560e-11
                   34.96,               1.8794e-11
                   35.00,               1.6560e-11
                   35.04,               2.2358e-11
                   35.08,               2.2660e-11
                   35.12,               2.8830e-11
                   35.16,               4.5177e-11
                   35.20,               5.7092e-11
                   35.24,               6.8635e-11
                   35.28,               9.0018e-11
                   35.32,               1.1137e-10
                   35.36,               1.4371e-10
                   35.40,               1.8965e-10
                   35.44,               2.5218e-10
                   35.48,               3.8528e-10
                   35.52,               7.2801e-10
                   35.56,               1.3560e-09
                   35.60,               2.2401e-09
                   35.64,               3.1146e-09
                   35.68,               3.9098e-09
                   35.72,               4.7836e-09
                   35.76,               5.6056e-09
                   35.80,               6.0199e-09
                   35.84,               6.3130e-09
                   35.88,               6.5137e-09
                   35.92,               6.7152e-09
                   35.96,               7.1746e-09
                   36.00,               6.9354e-09
                   36.04,               6.7167e-09
                   36.08,               6.9339e-09
                   36.12,               6.3990e-09
                   36.16,               3.9462e-09
                   36.20,               1.9556e-09
                   36.24,               9.3881e-10
                   36.28,               5.5069e-10
                   36.32,               3.5883e-10
                   36.36,               2.4924e-10
                   36.40,               1.8092e-10
                   36.44,               1.3257e-10
                   36.48,               1.0369e-10
                   36.52,               8.6223e-11
                   36.56,               7.2908e-11
                   36.60,               5.7642e-11
                   36.64,               5.1613e-11
                   36.68,               4.0248e-11
                   36.72,               3.7606e-11
                   36.76,               3.6578e-11
                   36.80,               3.0532e-11
                   36.84,               2.8156e-11
                   36.88,               2.6613e-11
                   36.92,               2.2571e-11
                   36.96,               3.1348e-11
                   37.00,               3.4326e-11
                   37.04,               3.1879e-11
                   37.08,               3.5514e-11
                   37.12,               3.4539e-11
                   37.16,               3.5816e-11
                   37.20,               4.2057e-11
                   37.24,               4.7624e-11
                   37.28,               4.6082e-11
                   37.32,               5.6401e-11
                   37.36,               6.2624e-11
                   37.40,               7.3245e-11
                   37.44,               8.6277e-11
                   37.48,               1.0787e-10
                   37.52,               1.4294e-10
                   37.56,               2.1184e-10
                   37.60,               2.9562e-10
                   37.64,               3.9477e-10
                   37.68,               5.0020e-10
                   37.72,               6.1745e-10
                   37.76,               7.5498e-10
                   37.80,               8.7957e-10
                   37.84,               9.6926e-10
                   37.88,               1.0517e-09
                   37.92,               1.1405e-09
                   37.96,               1.2289e-09
                   38.00,               1.2606e-09
                   38.04,               1.2426e-09
                   38.08,               1.2766e-09
                   38.12,               1.2562e-09
                   38.16,               1.0274e-09
                   38.20,               7.4103e-10
                   38.24,               5.5122e-10
                   38.28,               4.4410e-10
                   38.32,               4.0431e-10
                   38.36,               3.8773e-10
                   38.40,               3.8729e-10
                   38.44,               4.0872e-10
                   38.48,               4.4980e-10
                   38.52,               5.0613e-10
                   38.56,               6.0113e-10
                   38.60,               7.0801e-10
                   38.64,               8.4865e-10
                   38.68,               1.0713e-09
                   38.72,               1.3767e-09
                   38.76,               1.8753e-09
                   38.80,               2.6099e-09
                   38.84,               3.2381e-09
                   38.88,               4.0359e-09
                   38.92,               5.3311e-09
                   38.96,               7.1042e-09
                   39.00,               9.3888e-09
                   39.04,               1.2075e-08
                   39.08,               1.4906e-08
                   39.12,               1.7668e-08
                   39.16,               2.1005e-08
                   39.20,               2.4670e-08
                   39.24,               3.0953e-08
                   39.28,               3.9088e-08
                   39.32,               4.7570e-08
                   39.36,               5.8634e-08
                   39.40,               7.0961e-08
                   39.44,               8.7956e-08
                   39.48,               1.2025e-07
                   39.52,               1.7870e-07
                   39.56,               2.8647e-07
                   39.60,               4.3541e-07
                   39.64,               5.6595e-07
                   39.68,               6.9824e-07
                   39.72,               8.4119e-07
                   39.76,               9.6350e-07
                   39.80,               1.0956e-06
                   39.84,               1.2003e-06
                   39.88,               1.2547e-06
                   39.92,               1.3798e-06
                   39.96,               1.5252e-06
                   40.00,               1.4797e-06
                   40.04,               1.3913e-06
                   40.08,               1.5113e-06
                   40.12,               1.4342e-06
                   40.16,               6.9338e-07
                   40.20,               2.1285e-07
                   40.24,               1.9947e-08
                   40.28,               5.0259e-09
                   40.32,               2.3826e-09
                   40.36,               1.4415e-09
                   40.40,               9.4314e-10
                   40.44,               6.5273e-10
                   40.48,               4.8145e-10
                   40.52,               3.6305e-10
                   40.56,               2.9002e-10
                   40.60,               2.4096e-10
                   40.64,               2.0576e-10
                   40.68,               1.7715e-10
                   40.72,               1.6615e-10
                   40.76,               1.5901e-10
                   40.80,               1.5910e-10
                   40.84,               1.5819e-10
                   40.88,               1.5801e-10
                   40.92,               1.5452e-10
                   40.96,               1.6027e-10
                   41.00,               1.5649e-10
                   41.04,               1.6035e-10
                   41.08,               1.6871e-10
                   41.12,               1.5993e-10
                   41.16,               1.3693e-10
                   41.20,               1.0837e-10
                   41.24,               8.0621e-11
                   41.28,               6.5922e-11
                   41.32,               5.3528e-11
                   41.36,               3.9450e-11
                   41.40,               3.0000e-11
                   41.44,               2.0035e-11
                   41.48,               1.7270e-11
                   41.52,               1.6259e-11
                   41.56,               1.4096e-11
                   41.60,               4.4326e-12
                   41.64,               4.5035e-12
                   41.68,               4.9645e-13
                   41.72,               2.8901e-12
                   41.76,               7.4645e-12
                   41.80,               4.5035e-12
                   41.84,               3.1560e-12
                   41.88,               1.9681e-12
                   41.92,               1.8262e-12
                   41.96,               7.1277e-12
                   42.00,               5.6206e-12
                   42.04,              -1.2411e-13
                   42.08,               6.3830e-13
                   42.12,              -2.8369e-13
                   42.16,              -8.3333e-13
                   42.20,               3.4397e-12
                   42.24,               1.4716e-12
                   42.28,               5.6738e-13
                   42.32,               3.7234e-12
                   42.36,               9.9291e-13
                   42.40,              -5.4965e-13
                   42.44,               2.6596e-12
                   42.48,              -1.5957e-12
                   42.52,              -5.2660e-12
                   42.56,              -3.9539e-12
                   42.60,              -1.5957e-12
                   42.64,               2.7482e-12
                   42.68,               4.0780e-12
                   42.72,              -8.3333e-13
                   42.76,              -4.7872e-13
                   42.80,              -6.2057e-13
                   42.84,              -4.7872e-13
                   42.88,               5.8511e-12
                   42.92,               6.3298e-12
                   42.96,               4.4326e-12
                   43.00,               7.3936e-12
                   43.04,               6.6844e-12
                   43.08,               1.2961e-11
                   43.12,               2.1844e-11
                   43.16,               2.6099e-11
                   43.20,               2.5887e-11
                   43.24,               3.3865e-11
                   43.28,               3.6862e-11
                   43.32,               4.7323e-11
                   43.36,               5.8262e-11
                   43.40,               6.7500e-11
                   43.44,               8.3067e-11
                   43.48,               1.0479e-10
                   43.52,               1.4199e-10
                   43.56,               2.3289e-10
                   43.60,               3.6890e-10
                   43.64,               5.5209e-10
                   43.68,               8.0215e-10
                   43.72,               1.1229e-09
                   43.76,               1.5439e-09
                   43.80,               2.0051e-09
                   43.84,               2.2439e-09
                   43.88,               2.3548e-09
                   43.92,               2.5837e-09
                   43.96,               2.7647e-09
                   44.00,               2.7784e-09
                   44.04,               2.7781e-09
                   44.08,               2.8323e-09
                   44.12,               2.5830e-09
                   44.16,               1.9323e-09
                   44.20,               1.2642e-09
                   44.24,               7.4028e-10
                   44.28,               4.4119e-10
                   44.32,               2.8348e-10
                   44.36,               1.9640e-10
                   44.40,               1.3480e-10
                   44.44,               1.0436e-10
                   44.48,               8.3794e-11
                   44.52,               6.6720e-11
                   44.56,               4.7092e-11
                   44.60,               3.9043e-11
                   44.64,               3.1560e-11
                   44.68,               3.1933e-11
                   44.72,               2.9858e-11
                   44.76,               2.4202e-11
                   44.80,               1.9238e-11
                   44.84,               2.1330e-11
                   44.88,               2.2358e-11
                   44.92,               3.3050e-11
                   44.96,               3.5071e-11
                   45.00,               3.4184e-11
                   45.04,               3.4238e-11
                   45.08,               3.0674e-11
                   45.12,               3.1117e-11
                   45.16,               3.5301e-11
                   45.20,               2.4716e-11
                   45.24,               1.2447e-11
                   45.28,               1.1809e-11
                   45.32,               5.9752e-12
                   45.36,               6.0461e-12
                   45.40,               9.9645e-12
                   45.44,               9.5390e-12
                   45.48,               6.1879e-12
                   45.52,               4.0780e-12
                   45.56,               3.9362e-12
                   45.60,               4.8404e-12
                   45.64,               1.6844e-12
                   45.68,               8.5106e-13
                   45.72,               9.9291e-13
                   45.76,              -1.5426e-12
                   45.80,               2.0390e-12
                   45.84,               8.9539e-12
                   45.88,               9.1667e-12
                   45.92,               5.9752e-12
                   45.96,               1.0089e-11
                   46.00,               5.9752e-12
                   46.04,               8.7411e-12
                   46.08,               1.1454e-11
                   46.12,               1.3245e-11
                   46.16,               8.7411e-12
                   46.20,               8.5284e-12
                   46.24,               6.5426e-12
                   46.28,               1.1738e-11
                   46.32,               7.0390e-12
                   46.36,               3.1738e-12
                   46.40,               3.1738e-12
                   46.44,              -7.6241e-13
                   46.48,               7.8014e-13
                   46.52,               4.1489e-12
                   46.56,               4.0780e-12
                   46.60,               1.5957e-13
                   46.64,               4.2199e-12
                   46.68,              -2.5000e-12
                   46.72,              -2.0213e-12
                   46.76,              -9.7518e-13
                   46.80,              -1.5780e-12
                   46.84,              -7.7482e-12
                   46.88,              -5.9574e-12
                   46.92,              -3.7589e-12
                   46.96,               2.3227e-12
                   47.00,               2.2518e-12
                   47.04,              -9.5745e-13
                   47.08,              -1.3830e-12
                   47.12,              -6.0284e-12
                   47.16,              -2.9255e-12
                   47.20,               1.8262e-12
                   47.24,               5.1241e-12
                   47.28,               1.5957e-13
                   47.32,               8.5106e-13
                   47.36,              -2.5000e-12
                   47.40,              -9.0426e-13
                   47.44,              -6.2057e-13
                   47.48,              -1.6667e-12
                   47.52,              -6.2411e-12
                   47.56,              -5.9574e-12
                   47.60,              -6.6489e-12
                   47.64,               1.8262e-12
                   47.68,               9.9291e-13
                   47.72,              -7.4468e-13
                   47.76,              -2.4291e-12
                   47.80,              -5.0709e-12
                   47.84,              -3.5461e-12
                   47.88,               2.7305e-12
                   47.92,              -4.0780e-13
                   47.96,              -7.0567e-12
                   48.00,              -2.2163e-12
                   48.04,              -4.7872e-12
                   48.08,              -3.1383e-12
                   48.12,              -7.6241e-13
                   48.16,              -1.9504e-13
                   48.20,              -4.3794e-12
                   48.24,              -3.8830e-12
                   48.28,              -4.5922e-12
                   48.32,              -1.7376e-12
                   48.36,               3.3688e-12
                   48.40,               1.4894e-12
                   48.44,              -4.0780e-13
                   48.48,              -3.9007e-12
                   48.52,              -4.5213e-12
                   48.56,              -3.4752e-12
                   48.60,              -5.4078e-12
                   48.64,              -7.6773e-12
                   48.68,              -5.8156e-12
                   48.72,              -1.0922e-11
                   48.76,              -7.2695e-12
                   48.80,              -1.0461e-12
                   48.84,               2.1099e-12
                   48.88,              -1.5248e-12
                   48.92,              -2.0922e-12
                   48.96,              -1.4716e-12
                   49.00,               1.4184e-13
                   49.04,               1.5957e-13
                   49.08,              -5.4787e-12
                   49.12,              -3.9539e-12
                   49.16,              -8.8475e-12
                   49.20,              -8.8475e-12
                   49.24,              -3.9539e-12
                   49.28,              -1.0461e-12
                   49.32,              -5.6738e-12
                   49.36,              -5.2128e-12
                   49.40,              -6.5071e-12
                   49.44,              -2.7660e-12
                   49.48,               2.0390e-12
                   49.52,               2.1809e-12
                   49.56,              -2.3582e-12
                   49.60,              -2.7128e-12
                   49.64,              -1.1879e-12
                   49.68,               4.7163e-12
                   49.72,               9.4504e-12
                   49.76,               1.1454e-11
                   49.80,               1.1738e-11
                   49.84,               1.3103e-11
                   49.88,               1.8138e-11
                   49.92,               2.3528e-11
                   49.96,               2.6312e-11
                   50.00,               2.7429e-11
                   50.04,               2.9929e-11
                   50.08,               2.8085e-11
                   50.12,               2.9858e-11
                   50.16,               2.9787e-11
                   50.20,               2.4043e-11
                   50.24,               1.2890e-11
                   50.28,               1.0461e-11
                   50.32,               4.6986e-12
                   50.36,               6.8972e-12
                   50.40,               8.3156e-12
                   50.44,               2.2518e-12
                   50.48,              -2.3050e-12
                   50.52,              -3.4043e-12
                   50.56,              -5.0709e-12
                   50.60,              -2.6596e-13
                   50.64,               8.5106e-13
                   50.68,              -3.2447e-12
                   50.72,              -2.2340e-12
                   50.76,              -7.1986e-12
                   50.80,              -8.2270e-12
                   50.84,              -2.6418e-12
                   50.88,              -4.0780e-13
                   50.92,              -4.0248e-12
                   50.96,              -1.6667e-12
                   51.00,              -3.7589e-12
                   51.04,              -4.3085e-12
                   51.08,              -1.0993e-12
                   51.12,              -4.0957e-12
                   51.16,              -4.0248e-12
                   51.20,              -5.2128e-12
                   51.24,              -6.6489e-12
                   51.28,              -1.7199e-12
                   51.32,               9.0426e-13
                   51.36,              -3.0319e-12
                   51.40,              -3.9539e-12
                   51.44,              -4.7163e-12
                   51.48,              -3.9539e-12
                   51.52,               1.0638e-12
                   51.56,              -3.5461e-13
                   51.60,              -5.1418e-12
                   51.64,              -2.7128e-12
                   51.68,              -8.2979e-12
                   51.72,              -8.2979e-12
                   51.76,              -3.5461e-12
                   51.80,              -4.8582e-12
                   51.84,              -5.9574e-12
                   51.88,              -4.3085e-12
                   51.92,              -7.4113e-12
                   51.96,              -3.4043e-12
                   52.00,              -3.6170e-12
                   52.04,              -3.6702e-12
                   52.08,              -2.1631e-12
                   52.12,              -1.8794e-12
                   52.16,              -3.3688e-13
                   52.20,               5.4078e-12
                   52.24,               2.8723e-12
                   52.28,              -1.8794e-12
                   52.32,               4.2553e-13
                   52.36,              -6.7908e-12
                   52.40,              -6.0993e-12
                   52.44,              -2.7837e-12
                   52.48,              -2.0922e-12
                   52.52,              -6.0993e-12
                   52.56,              -3.6170e-12
                   52.60,              -5.5496e-12
                   52.64,              -1.0461e-12
                   52.68,              -1.5248e-12
                   52.72,              -3.1915e-12
                   52.76,              -5.2660e-12
                   52.80,              -4.1667e-12
                   52.84,              -5.8333e-12
                   52.88,              -2.4291e-12
                   52.92,              -2.4291e-12
                   52.96,              -7.4645e-12
                   53.00,              -6.0993e-12
                   53.04,              -1.0284e-11
                   53.08,              -8.4397e-12
                   53.12,              -1.6667e-12
                   53.16,              -2.3759e-12
                   53.20,              -1.0567e-11
                   53.24,              -8.7943e-12
                   53.28,              -1.2784e-11
                   53.32,              -6.6489e-12
                   53.36,              -5.6206e-12
                   53.40,              -8.1738e-12
                   53.44,              -6.5780e-12
                   53.48,              -4.1667e-12
                   53.52,              -5.0000e-12
                   53.56,              -1.1879e-12
                   53.60,              -5.5496e-12
                   53.64,              -1.1277e-11
                   53.68,              -8.2979e-12
                   53.72,              -1.0071e-11
                   53.76,              -3.1915e-12
                   53.80,              -8.3333e-13
                   53.84,               8.5106e-13
                   53.88,              -5.0709e-12
                   53.92,               2.5887e-12
                   53.96,              -8.3333e-13
                   54.00,               3.7943e-12
                   54.04,               4.5745e-12
                   54.08,               1.5603e-12
                   54.12,              -2.9787e-12
                   54.16,              -4.8582e-12
                   54.20,              -3.8298e-12
                   54.24,               2.2518e-12
                   54.28,               2.4645e-12
                   54.32,              -1.3121e-12
                   54.36,              -6.2057e-13
                   54.40,              -3.7589e-12
                   54.44,               0.0000e+00
                   54.48,               3.5816e-12
                   54.52,               4.1489e-12
                   54.56,              -2.9965e-12
                   54.60,              -2.2163e-12
                   54.64,              -5.4787e-12
                   54.68,              -1.5248e-12
                   54.72,               1.4184e-13
                   54.76,              -1.9504e-12
                   54.80,               1.4894e-12
                   54.84,              -2.6064e-12
                   54.88,              -5.9574e-12
                   54.92,              -4.5213e-12
                   54.96,              -6.4362e-12
                   55.00,              -1.0780e-11
                   55.04,              -6.9149e-12
                   55.08,              -7.0567e-12
                   55.12,              -3.4752e-12
                   55.16,              -5.4965e-13
                   55.20,              -1.3121e-12
                   55.24,              -6.1702e-12
                   55.28,              -7.4468e-13
                   55.32,              -4.5745e-12
                   55.36,              -2.5000e-12
                   55.40,              -3.1206e-12
                   55.44,              -7.2695e-12
                   55.48,              -9.8936e-12
                   55.52,              -8.9184e-12
                   55.56,              -8.2447e-12
                   55.60,              -3.4752e-12
                   55.64,              -1.5957e-12
                   55.68,              -1.8617e-12
                   55.72,              -9.7518e-13
                   55.76,              -3.2624e-12
                   55.80,              -4.7872e-13
                   55.84,               1.9681e-12
                   55.88,               2.5887e-12
                   55.92,              -5.1418e-12
                   55.96,              -4.2376e-12
                   56.00,              -4.3794e-12
                   56.04,              -1.3830e-12
                   56.08,               1.6844e-12
                   56.12,               8.8652e-14
                   56.16,              -2.1454e-12
                   56.20,              -2.2872e-12
                   56.24,              -4.1667e-12
                   56.28,               1.4184e-13
                   56.32,               3.0142e-12
                   56.36,              -1.8617e-12
                   56.40,               0.0000e+00
                   56.44,              -6.8617e-12
                   56.48,              -5.6915e-12
                   56.52,              -1.3121e-12
                   56.56,              -3.2624e-12
                   56.60,              -7.0567e-12
                   56.64,              -2.6418e-12
                   56.68,              -5.4078e-12
                   56.72,              -3.5461e-12
                   56.76,               6.3830e-13
                   56.80,              -7.6241e-13
                   56.84,              -2.5709e-12
                   56.88,              -4.1667e-12
                   56.92,              -4.5922e-12
                   56.96,               4.9645e-13
                   57.00,               2.8369e-13
                   57.04,              -3.0496e-12
                   57.08,              -1.1170e-12
                   57.12,              -2.1631e-12
                   57.16,              -2.5000e-12
                   57.20,               4.2553e-13
                   57.24,              -1.5957e-12
                   57.28,              -4.5745e-12
                   57.32,              -2.1631e-12
                   57.36,              -6.6489e-12
                   57.40,              -7.1986e-12
                   57.44,              -1.4716e-12
                   57.48,              -3.6702e-12
                   57.52,              -7.2695e-12
                   57.56,              -7.6950e-12
                   57.60,              -5.4078e-12
                   57.64,              -2.6596e-13
                   57.68,               9.9291e-13
                   57.72,              -1.8617e-12
                   57.76,              -1.6667e-12
                   57.80,              -7.6064e-12
                   57.84,              -8.4397e-12
                   57.88,              -3.7411e-12
                   57.92,              -4.4504e-12
                   57.96,              -6.2411e-12
                   58.00,              -3.8298e-12
                   58.04,              -4.9291e-12
                   58.08,              -3.9539e-12
                   58.12,              -3.3688e-13
                   58.16,               2.1277e-13
                   58.20,              -1.3830e-12
                   58.24,              -2.4291e-12
                   58.28,              -4.7163e-12
                   58.32,              -4.0780e-13
                   58.36,               0.0000e+00
                   58.40,              -1.6489e-12
                   58.44,              -3.2624e-12
                   58.48,              -8.7766e-12
                   58.52,              -8.1738e-12
                   58.56,              -4.4326e-12
                   58.60,              -2.9255e-12
                   58.64,              -4.0248e-12
                   58.68,               1.2057e-12
                   58.72,              -5.2660e-12
                   58.76,              -8.3333e-13
                   58.80,               2.2518e-12
                   58.84,              -6.9149e-13
                   58.88,              -5.6915e-12
                   58.92,              -2.5000e-12
                   58.96,              -3.6879e-12
                   59.00,               1.4184e-12
                   59.04,               5.8333e-12
                   59.08,               2.3936e-12
                   59.12,              -5.4965e-13
                   59.16,              -8.3333e-13
                   59.20,              -5.6206e-12
                   59.24,               4.2553e-13
                   59.28,              -1.7376e-12
                   59.32,              -4.5922e-12
                   59.36,              -1.8085e-12
                   59.40,              -7.1986e-12
                   59.44,              -6.2411e-12
                   59.48,              -3.6170e-12
                   59.52,              -4.1667e-12
                   59.56,              -3.7589e-12
                   59.60,              -1.1879e-12
                   59.64,              -3.4752e-12
                   59.68,               3.0142e-13
                   59.72,               2.1809e-12
                   59.76,              -1.3830e-12
                   59.80,              -2.2163e-12
                   59.84,              -2.6596e-13
                   59.88,              -1.1879e-12
                   59.92,               7.0922e-13
                   59.96,               7.0922e-13
                   60.00,              -2.1454e-12
                   60.04,              -2.9255e-12
                   60.08,              -6.1702e-12
                   60.12,              -4.7872e-12
                   60.16,               1.4184e-13
                   60.20,               2.6064e-12
                   60.24,              -8.3333e-13
                   60.28,               2.1277e-13
                   60.32,              -2.4291e-12
                   60.36,              -1.3121e-12
                   60.40,               7.0922e-14
                   60.44,              -1.5957e-12
                   60.48,              -5.3369e-12
                   60.52,              -3.8298e-12
                   60.56,              -5.4078e-12
                   60.60,               1.0638e-12
                   60.64,               0.0000e+00
                   60.68,              -3.9539e-12
                   60.72,              -2.5000e-12
                   60.76,              -3.7589e-12
                   60.80,              -3.0674e-12
                   60.84,               7.8014e-13
                   60.88,              -4.7872e-13
                   60.92,              -3.7589e-12
                   60.96,              -4.9645e-13
                   61.00,              -5.7624e-12
                   61.04,              -4.7872e-12
                   61.08,              -1.5248e-12
                   61.12,              -3.5993e-12
                   61.16,              -5.5496e-12
                   61.20,              -2.7128e-12
                   61.24,              -5.5496e-12
                   61.28,               1.7553e-12
                   61.32,               4.2553e-13
                   61.36,              -4.2199e-12
                   61.40,              -4.7163e-12
                   61.44,              -7.0035e-12
                   61.48,              -5.2660e-12
                   61.52,              -1.5248e-12
                   61.56,               6.3830e-13
                   61.60,              -3.1915e-12
                   61.64,              -2.0213e-12
                   61.68,              -5.7624e-12
                   61.72,              -1.0284e-12
                   61.76,               1.4007e-12
                   61.80,               4.9645e-13
                   61.84,              -3.7589e-12
                   61.88,              -3.5461e-12
                   61.92,              -5.0709e-12
                   61.96,              -3.3688e-13
                   62.00,               5.6738e-13
                   62.04,              -4.7872e-13
                   62.08,              -1.0993e-12
                   62.12,              -2.6418e-12
                   62.16,               1.2766e-12
                   62.20,               8.1028e-12
                   62.24,               7.5355e-12
                   62.28,              -1.3830e-12
                   62.32,               4.9645e-13
                   62.36,              -2.8546e-12
                   62.40,              -2.0922e-12
                   62.44,              -1.3298e-12
                   62.48,              -2.9255e-12
                   62.52,              -8.7057e-12
                   62.56,              -5.3369e-12
                   62.60,              -7.2695e-12
                   62.64,              -3.3333e-12
                   62.68,               5.6738e-13
                   62.72,              -1.7199e-12
                   62.76,               1.4894e-12
                   62.80,              -2.1454e-12
                   62.84,               3.0142e-12
                   62.88,               3.5816e-12
                   62.92,               4.4858e-12
                   62.96,              -2.1454e-12
                   63.00,               1.9681e-12
                   63.04,              -1.6135e-12
                   63.08,              -1.9504e-13
                   63.12,               3.5816e-12
                   63.16,               5.2837e-12
                   63.20,               3.0319e-12
                   63.24,               6.1879e-12
                   63.28,               4.7695e-12
                   63.32,               6.4716e-12
                   63.36,               6.9681e-12
                   63.40,               4.4326e-12
                   63.44,               4.7163e-12
                   63.48,               1.8972e-12
                   63.52,               2.5355e-12
                   63.56,               7.5355e-12
                   63.60,               9.8759e-12
                   63.64,               9.2376e-12
                   63.68,               1.5319e-11
                   63.72,               1.5106e-11
                   63.76,               1.9007e-11
                   63.80,               2.2500e-11
                   63.84,               2.7500e-11
                   63.88,               3.0603e-11
                   63.92,               3.8883e-11
                   63.96,               4.1454e-11
                   64.00,               5.0461e-11
                   64.04,               5.6702e-11
                   64.08,               6.1613e-11
                   64.12,               7.4043e-11
                   64.16,               9.1188e-11
                   64.20,               1.1729e-10
                   64.24,               1.5739e-10
                   64.28,               1.9456e-10
                   64.32,               2.2520e-10
                   64.36,               2.8314e-10
                   64.40,               3.3009e-10
                   64.44,               3.7007e-10
                   64.48,               4.0755e-10
                   64.52,               4.3860e-10
                   64.56,               4.4988e-10
                   64.60,               4.2768e-10
                   64.64,               3.6970e-10
                   64.68,               3.0243e-10
                   64.72,               2.3902e-10
                   64.76,               1.7890e-10
                   64.80,               1.4264e-10
                   64.84,               1.1752e-10
                   64.88,               1.0794e-10
                   64.92,               1.0743e-10
                   64.96,               1.0291e-10
                   65.00,               9.8918e-11
                   65.04,               1.0417e-10
                   65.08,               1.0601e-10
                   65.12,               1.0752e-10
                   65.16,               1.1819e-10
                   65.20,               1.3074e-10
                   65.24,               1.4098e-10
                   65.28,               1.6826e-10
                   65.32,               1.9502e-10
                   65.36,               2.3628e-10
                   65.40,               2.7901e-10
                   65.44,               3.0766e-10
                   65.48,               3.2574e-10
                   65.52,               3.4975e-10
                   65.56,               3.6725e-10
                   65.60,               3.6559e-10
                   65.64,               3.4475e-10
                   65.68,               3.1167e-10
                   65.72,               2.8145e-10
                   65.76,               2.6511e-10
                   65.80,               2.7069e-10
                   65.84,               2.9878e-10
                   65.88,               3.3317e-10
                   65.92,               3.6473e-10
                   65.96,               3.9578e-10
                   66.00,               4.1234e-10
                   66.04,               4.3637e-10
                   66.08,               4.3745e-10
                   66.12,               3.8975e-10
                   66.16,               3.2051e-10
                   66.20,               2.5138e-10
                   66.24,               1.7518e-10
                   66.28,               1.2888e-10
                   66.32,               9.7872e-11
                   66.36,               7.1613e-11
                   66.40,               5.8014e-11
                   66.44,               4.4592e-11
                   66.48,               3.4167e-11
                   66.52,               3.1560e-11
                   66.56,               2.6383e-11
                   66.60,               2.0035e-11
                   66.64,               2.7358e-11
                   66.68,               3.1117e-11
                   66.72,               4.5426e-11
                   66.76,               5.9982e-11
                   66.80,               7.2837e-11
                   66.84,               8.4663e-11
                   66.88,               1.0158e-10
                   66.92,               1.1250e-10
                   66.96,               1.3268e-10
                   67.00,               1.4777e-10
                   67.04,               1.5658e-10
                   67.08,               1.5676e-10
                   67.12,               1.4195e-10
                   67.16,               1.2488e-10
                   67.20,               1.0647e-10
                   67.24,               7.5408e-11
                   67.28,               4.8794e-11
                   67.32,               4.0248e-11
                   67.36,               2.8156e-11
                   67.40,               2.3227e-11
                   67.44,               2.1046e-11
                   67.48,               1.7199e-11
                   67.52,               1.4167e-11
                   67.56,               1.4184e-11
                   67.60,               9.1667e-12
                   67.64,               1.7571e-11
                   67.68,               2.0975e-11
                   67.72,               2.7358e-11
                   67.76,               4.0496e-11
                   67.80,               4.9911e-11
                   67.84,               6.0922e-11
                   67.88,               8.1188e-11
                   67.92,               9.3582e-11
                   67.96,               1.0509e-10
                   68.00,               1.1606e-10
                   68.04,               1.2548e-10
                   68.08,               1.3151e-10
                   68.12,               1.2746e-10
                   68.16,               1.1420e-10
                   68.20,               9.0532e-11
                   68.24,               7.4397e-11
                   68.28,               4.9628e-11
                   68.32,               4.0160e-11
                   68.36,               3.2606e-11
                   68.40,               2.4202e-11
                   68.44,               2.3387e-11
                   68.48,               1.9876e-11
                   68.52,               1.6773e-11
                   68.56,               1.7926e-11
                   68.60,               1.6915e-11
                   68.64,               1.7855e-11
                   68.68,               2.3617e-11
                   68.72,               2.9787e-11
                   68.76,               4.5816e-11
                   68.80,               6.6809e-11
                   68.84,               8.2730e-11
                   68.88,               9.4326e-11
                   68.92,               1.2229e-10
                   68.96,               1.4142e-10
                   69.00,               1.6718e-10
                   69.04,               1.8926e-10
                   69.08,               1.9986e-10
                   69.12,               1.9966e-10
                   69.16,               1.8011e-10
                   69.20,               1.5168e-10
                   69.24,               1.3025e-10
                   69.28,               9.7660e-11
                   69.32,               6.7447e-11
                   69.36,               5.0833e-11
                   69.40,               3.3511e-11
                   69.44,               2.7128e-11
                   69.48,               2.4628e-11
                   69.52,               2.2660e-11
                   69.56,               1.2801e-11
                   69.60,               1.3316e-11
                   69.64,               7.0390e-12
                   69.68,               9.1667e-12
                   69.72,               1.0089e-11
                   69.76,               1.0816e-11
                   69.80,               8.4574e-12
                   69.84,               7.4645e-12
                   69.88,               2.7305e-12
                   69.92,               6.1879e-12
                   69.96,               6.8972e-12
                   70.00,               2.6773e-12
                   70.04,               2.9433e-12
                   70.08,               7.0922e-14
                   70.12,               2.1277e-13
                   70.16,               5.4787e-12
                   70.20,               7.5355e-12
                   70.24,               3.0851e-12
                   70.28,               6.8972e-12
                   70.32,               5.9043e-12
                   70.36,               6.4007e-12
                   70.40,               7.8191e-12
                   70.44,               4.5035e-12
                   70.48,               6.3830e-13
                   70.52,              -1.8617e-12
                   70.56,              -4.3085e-12
                   70.60,               1.6135e-12
                   70.64,               3.7943e-12
                   70.68,               2.1099e-12
                   70.72,               6.3830e-13
                   70.76,              -5.4787e-12
                   70.80,              -6.8617e-12
                   70.84,               2.1277e-13
                   70.88,               4.9645e-13
                   70.92,              -4.0957e-12
                   70.96,              -1.1170e-12
                   71.00,              -6.4539e-12
                   71.04,              -3.9007e-12
                   71.08,              -5.4965e-13
                   71.12,              -3.3688e-13
                   71.16,              -2.7660e-12
                   71.20,               2.1277e-13
                   71.24,              -2.1631e-12
                   71.28,               2.1277e-13
                   71.32,               9.2199e-13
                   71.36,              -3.8830e-12
                   71.40,              -1.1170e-12
                   71.44,              -2.7837e-12
                   71.48,               1.4007e-12
                   71.52,               3.1560e-12
                   71.56,               2.5177e-12
                   71.60,              -4.5213e-12
                   71.64,              -1.1879e-12
                   71.68,              -3.6170e-12
                   71.72,              -3.4752e-12
                   71.76,              -1.1879e-12
                   71.80,              -7.1277e-12
                   71.84,              -8.7943e-12
                   71.88,              -5.0000e-12
                   71.92,              -9.7518e-13
                   71.96,               2.3936e-12
                   72.00,               4.5745e-12
                   72.04,               1.2589e-12
                   72.08,               2.1099e-12
                   72.12,              -1.5957e-12
                   72.16,              -6.9149e-13
                   72.20,               3.5106e-12
                   72.24,               2.3936e-12
                   72.28,              -2.5709e-12
                   72.32,               1.4184e-13
                   72.36,              -1.7376e-12
                   72.40,               1.4184e-13
                   72.44,               3.2270e-12
                   72.48,               2.3227e-12
                   72.52,              -1.9504e-12
                   72.56,              -2.6418e-12
                   72.60,              -3.9539e-12
                   72.64,              -6.2057e-13
                   72.68,               6.3830e-13
                   72.72,              -1.4539e-12
                   72.76,              -2.5000e-12
                   72.80,              -6.0284e-12
                   72.84,              -4.9291e-12
                   72.88,              -4.2553e-13
                   72.92,              -1.6667e-12
                   72.96,              -2.0922e-12
                   73.00,              -2.1631e-12
                   73.04,              -7.4823e-12
                   73.08,              -6.7908e-12
                   73.12,              -3.0496e-12
                   73.16,              -3.4752e-12
                   73.20,              -4.7163e-12
                   73.24,              -5.0000e-12
                   73.28,              -5.1418e-12
                   73.32,              -2.2163e-12
                   73.36,               5.6738e-13
                   73.40,              -4.7872e-13
                   73.44,               0.0000e+00
                   73.48,              -1.9504e-12
                   73.52,              -2.8546e-12
                   73.56,               2.8901e-12
                   73.60,               2.8723e-12
                   73.64,              -5.4965e-13
                   73.68,               1.3475e-12
                   73.72,               1.4716e-12
                   73.76,               1.1879e-12
                   73.80,               5.3369e-12
                   73.84,               3.7234e-12
                   73.88,              -2.4291e-12
                   73.92,               1.8262e-12
                   73.96,              -2.0922e-12
                   74.00,               1.4184e-13
                   74.04,               1.0638e-12
                   74.08,              -5.4965e-13
                   74.12,              -9.0426e-13
                   74.16,              -2.3582e-12
                   74.20,              -1.0461e-12
                   74.24,               4.5035e-12
                   74.28,               1.7553e-12
                   74.32,               1.0638e-12
                   74.36,              -1.4184e-13
                   74.40,              -5.0000e-12
                   74.44,              -5.9574e-12
                   74.48,               1.4007e-12
                   74.52,               2.3227e-12
                   74.56,              -3.4043e-12
                   74.60,              -2.0922e-12
                   74.64,              -5.2128e-12
                   74.68,              -3.2624e-12
                   74.72,              -8.3333e-13
                   74.76,              -1.2411e-12
                   74.80,              -5.4078e-12
                   74.84,              -6.1702e-12
                   74.88,              -8.2979e-12
                   74.92,              -2.9787e-12
                   74.96,              -1.1170e-12
                   75.00,              -1.8085e-12
                   75.04,              -1.2411e-13
                   75.08,              -1.7376e-12
                   75.12,              -1.1170e-12
                   75.16,               2.7482e-12
                   75.20,               1.5426e-12
                   75.24,              -2.9078e-12
                   75.28,              -2.3582e-12
                   75.32,              -7.6950e-12
                   75.36,              -4.5035e-12
                   75.40,              -1.3830e-12
                   75.44,              -4.1667e-12
                   75.48,              -7.4645e-12
                   75.52,              -2.3759e-12
                   75.56,              -5.4965e-13
                   75.60,               3.7943e-12
                   75.64,               1.4716e-12
                   75.68,               3.3865e-12
                   75.72,               3.8652e-12
                   75.76,               4.2553e-13
                   75.80,              -1.0461e-12
                   75.84,               3.6525e-12
                   75.88,               6.5426e-12
                   75.92,               7.0922e-14
                   75.96,               1.3298e-12
                   76.00,              -2.1631e-12
                   76.04,               3.5461e-13
                   76.08,               4.5035e-12
                   76.12,               2.3227e-12
                   76.16,              -4.7872e-12
                   76.20,              -3.4752e-12
                   76.24,              -2.1631e-12
                   76.28,               1.4007e-12
                   76.32,              -1.0461e-12
                   76.36,              -6.5780e-12
                   76.40,              -4.7872e-12
                   76.44,              -5.7624e-12
                   76.48,              -6.0284e-12
                   76.52,               0.0000e+00
                   76.56,               7.0922e-14
                   76.60,              -6.9858e-12
                   76.64,              -4.6631e-12
                   76.68,              -5.1950e-12
                   76.72,              -9.0426e-13
                   76.76,              -1.7376e-12
                   76.80,               0.0000e+00
                   76.84,              -4.9291e-12
                   76.88,              -1.5957e-12
                   76.92,              -5.6915e-12
                   76.96,              -1.9326e-12
                   77.00,              -6.2057e-13
                   77.04,              -3.4043e-12
                   77.08,              -4.3617e-12
                   77.12,              -7.0567e-12
                   77.16,              -6.4539e-12
                   77.20,              -1.4184e-13
                   77.24,              -2.5709e-12
                   77.28,              -6.0993e-12
                   77.32,              -1.5957e-12
                   77.36,              -5.0000e-12
                   77.40,              -3.8830e-12
                   77.44,              -1.0993e-12
                   77.48,               1.1348e-12
                   77.52,              -9.0426e-13
                   77.56,               2.6773e-12
                   77.60,              -1.9504e-13
                   77.64,               1.3298e-12
                   77.68,               3.3688e-12
                   77.72,              -3.1560e-12
                   77.76,              -6.3121e-12
                   77.80,              -8.9894e-12
                   77.84,              -6.2411e-12
                   77.88,              -1.8085e-12
                   77.92,              -5.4965e-13
                   77.96,              -5.2660e-12
                   78.00,              -1.1170e-12
                   78.04,              -5.4787e-12
                   78.08,               7.0922e-14
                   78.12,              -1.4184e-13
                   78.16,               1.3298e-12
                   78.20,              -3.7589e-12
                   78.24,              -2.2872e-12
                   78.28,              -4.3794e-12
                   78.32,               7.8014e-13
                   78.36,               2.6064e-12
                   78.40,              -9.5745e-13
                   78.44,              -8.3333e-13
                   78.48,              -5.8333e-12
                   78.52,              -5.4787e-12
                   78.56,               9.2199e-13
                   78.60,               9.9291e-13
                   78.64,              -3.7411e-12
                   78.68,              -6.9149e-13
                   78.72,              -4.1667e-12
                   78.76,              -2.6418e-12
                   78.80,              -2.1277e-13
                   78.84,              -2.0213e-12
                   78.88,              -2.7837e-12
                   78.92,              -3.2624e-12
                   78.96,              -4.8582e-12
                   79.00,               2.3936e-12
                   79.04,               2.2518e-12
                   79.08,              -1.6489e-12
                   79.12,              -2.8369e-12
                   79.16,              -5.9574e-12
                   79.20,              -7.6950e-12
                   79.24,              -2.6418e-12
                   79.28,              -1.0461e-12
                   79.32,              -5.4078e-12
                   79.36,              -4.8582e-12
                   79.40,              -7.3404e-12
                   79.44,              -2.9255e-12
                   79.48,               2.7482e-12
                   79.52,               4.5745e-12
                   79.56,              -3.7589e-12
                   79.60,              -1.3121e-12
                   79.64,              -3.2624e-12
                   79.68,              -1.0461e-12
                   79.72,               2.8723e-12
                   79.76,               1.0638e-12
                   79.80,              -2.5709e-12
                   79.84,              -5.6738e-13
                   79.88,              -1.0461e-12
                   79.92,               1.6135e-12
                   79.96,               4.1489e-12
                   80.00,               4.2553e-13
                   80.04,               9.2199e-13
                   80.08,              -2.7837e-12
                   80.12,              -9.0426e-13
                   80.16,               5.7092e-12
                   80.20,               6.2589e-12
                   80.24,               5.6738e-13
                   80.28,               6.3830e-13
                   80.32,              -9.7518e-13
                   80.36,               3.3688e-12
                   80.40,               6.7553e-12
                   80.44,               4.2908e-12
                   80.48,               5.0532e-12
                   80.52,               2.4645e-12
                   80.56,               4.2553e-13
                   80.60,               3.3156e-12
                   80.64,               1.5426e-12
                   80.68,              -2.4291e-12
                   80.72,              -5.4965e-13
                   80.76,              -3.4752e-12
                   80.80,              -2.3759e-12
                   80.84,               2.8014e-12
                   80.88,               3.4397e-12
                   80.92,              -9.0426e-13
                   80.96,               3.5461e-13
                   81.00,              -1.0461e-12
                   81.04,               1.3475e-12
                   81.08,               4.3617e-12
                   81.12,               3.2270e-12
                   81.16,              -2.3759e-12
                   81.20,              -2.3582e-12
                   81.24,              -2.0213e-12
                   81.28,               2.7482e-12
                   81.32,               3.4397e-12
                   81.36,              -6.2057e-13
                   81.40,              -5.4965e-13
                   81.44,              -3.3333e-12
                   81.48,              -1.7376e-12
                   81.52,               4.9645e-13
                   81.56,              -1.9504e-12
                   81.60,              -4.2376e-12
                   81.64,              -1.5248e-12
                   81.68,              -9.7518e-13
                   81.72,               2.1809e-12
                   81.76,               6.6135e-12
                   81.80,              -3.3688e-13
                   81.84,              -3.4752e-12
                   81.88,              -1.0461e-12
                   81.92,               3.5461e-13
                   81.96,               3.9362e-12
                   82.00,               4.8404e-12
                   82.04,               4.2199e-12
                   82.08,               1.2589e-12
                   82.12,              -2.3050e-12
                   82.16,              -1.6667e-12
                   82.20,               7.3936e-12
                   82.24,               6.4716e-12
                   82.28,               4.9823e-12
                   82.32,               5.3369e-12
                   82.36,               7.0922e-13
                   82.40,               2.8191e-12
                   82.44,               7.3936e-12
                   82.48,               8.1028e-12
                   82.52,               4.3617e-12
                   82.56,               5.8511e-12
                   82.60,               1.8972e-12
                   82.64,               6.8972e-12
                   82.68,               2.8191e-12
                   82.72,              -1.2411e-13
                   82.76,               1.4716e-12
                   82.80,               1.8262e-12
                   82.84,               1.4184e-13
                   82.88,               5.4965e-12
                   82.92,               5.6206e-12
                   82.96,               3.5993e-12
                   83.00,               3.1560e-12
                   83.04,              -1.1879e-12
                   83.08,              -6.9149e-13
                   83.12,               5.0000e-12
                   83.16,               5.6206e-12
                   83.20,               8.5106e-13
                   83.24,               9.2199e-13
                   83.28,              -1.8794e-12
                   83.32,               2.6773e-12
                   83.36,               5.1241e-12
                   83.40,               3.1028e-12
                   83.44,               1.5426e-12
                   83.48,               4.9645e-13
                   83.52,              -9.0426e-13
                   83.56,               5.4078e-12
                   83.60,               3.0851e-12
                   83.64,               1.2057e-12
                   83.68,               1.1170e-12
                   83.72,              -1.8794e-12
                   83.76,              -1.9504e-12
                   83.80,              -9.0426e-13
                   83.84,              -4.7872e-13
                   83.88,              -2.4291e-12
                   83.92,               2.1099e-12
                   83.96,              -4.7872e-13
                   84.00,               9.9291e-13
                   84.04,               2.2518e-12
                   84.08,              -3.3688e-13
                   84.12,              -2.4291e-12
                   84.16,              -2.2163e-12
                   84.20,              -1.7376e-12
                   84.24,               1.7553e-12
                   84.28,               2.1099e-12
                   84.32,              -2.7660e-12
                   84.36,              -2.3582e-12
                   84.40,              -2.6418e-12
                   84.44,              -2.9255e-12
                   84.48,              -2.6418e-12
                   84.52,              -2.3582e-12
                   84.56,              -7.6950e-12
                   84.60,              -6.6489e-12
                   84.64,              -8.6525e-12
                   84.68,              -5.4078e-12
                   84.72,              -2.1454e-12
                   84.76,              -2.5709e-12
                   84.80,              -3.8830e-12
                   84.84,              -7.6241e-13
                   84.88,               3.6525e-12
                   84.92,               6.5426e-12
                   84.96,               5.5496e-12
                   85.00,              -1.2411e-13
                   85.04,               7.0922e-13
                   85.08,              -4.6454e-12
                   85.12,              -2.0213e-12
                   85.16,               1.4716e-12
                   85.20,               2.7305e-12
                   85.24,              -2.5709e-12
                   85.28,               1.5426e-12
                   85.32,               7.0922e-13
                   85.36,               3.4397e-12
                   85.40,               4.3617e-12
                   85.44,               3.4397e-12
                   85.48,               3.8121e-12
                   85.52,               8.4574e-12
                   85.56,               5.9043e-12
                   85.60,               7.6064e-12
                   85.64,               7.1099e-12
                   85.68,               3.9539e-12
                   85.72,               3.0142e-12
                   85.76,              -2.7837e-12
                   85.80,              -7.6241e-13
                   85.84,               3.5461e-13
                   85.88,               1.4007e-12
                   85.92,              -3.6879e-12
                   85.96,               2.1277e-13
                   86.00,               1.4184e-13
                   86.04,               5.1418e-12
                   86.08,               5.1950e-12
                   86.12,               4.2908e-12
                   86.16,               1.7553e-12
                   86.20,               2.1809e-12
                   86.24,               1.3298e-12
                   86.28,               6.3298e-12
                   86.32,               3.9362e-12
                   86.36,               0.0000e+00
                   86.40,               2.3936e-12
                   86.44,              -1.1879e-12
                   86.48,              -2.6596e-13
                   86.52,               3.8652e-12
                   86.56,               2.0390e-12
                   86.60,              -1.2411e-12
                   86.64,               3.2270e-12
                   86.68,              -1.7376e-12
                   86.72,               1.4184e-13
                   86.76,               3.1560e-12
                   86.80,               1.6135e-12
                   86.84,              -4.5922e-12
                   86.88,              -2.9787e-12
                   86.92,              -6.1702e-12
                   86.96,              -1.0284e-12
                   87.00,               3.3688e-12
                   87.04,               8.5106e-13
                   87.08,               7.0922e-13
                   87.12,              -1.8085e-12
                   87.16,               8.5106e-13
                   87.20,               2.6064e-12
                   87.24,               5.6383e-12
                   87.28,               5.8333e-12
                   87.32,               8.1738e-12
                   87.36,               2.8191e-12
                   87.40,               4.3617e-12
                   87.44,               8.1738e-12
                   87.48,               8.6702e-12
                   87.52,               2.1631e-12
                   87.56,               3.0319e-12
                   87.60,               1.7553e-12
                   87.64,               3.5816e-12
                   87.68,               6.1170e-12
                   87.72,              -7.0922e-14
                   87.76,              -1.7376e-12
                   87.80,              -5.7447e-12
                   87.84,              -3.4043e-12
                   87.88,               3.0319e-12
                   87.92,               4.5035e-12
                   87.96,               3.7234e-12
                   88.00,               5.2660e-12
                   88.04,              -2.0213e-12
                   88.08,              -8.3333e-13
                   88.12,               3.7234e-12
                   88.16,               2.4645e-12
                   88.20,              -7.6241e-13
                   88.24,              -3.3688e-13
                   88.28,              -4.2553e-13
                   88.32,               1.1348e-12
                   88.36,               2.3936e-12
                   88.40,              -3.1915e-12
                   88.44,              -7.2695e-12
                   88.48,              -5.5496e-12
                   88.52,              -4.1667e-12
                   88.56,               2.4645e-12
                   88.60,               4.2199e-12
                   88.64,               7.8014e-13
                   88.68,               5.6738e-13
                   88.72,               4.2553e-13
                   88.76,               1.3298e-12
                   88.80,               7.8191e-12
                   88.84,               6.6844e-12
                   88.88,               2.1277e-13
                   88.92,               2.1099e-12
                   88.96,              -7.6241e-13
                   89.00,               7.0922e-13
                   89.04,               2.9433e-12
                   89.08,               2.1809e-12
                   89.12,              -9.7518e-13
                   89.16,              -4.0248e-12
                   89.20,              -6.7199e-12
                   89.24,              -2.9255e-12
                   89.28,              -1.7376e-12
                   89.32,              -2.7837e-12
                   89.36,              -2.2340e-12
                   89.40,              -3.6879e-12
                   89.44,              -1.0461e-12
                   89.48,               6.6844e-12
                   89.52,               4.6277e-12
                   89.56,               7.8014e-13
                   89.60,               5.1241e-12
                   89.64,               3.5461e-13
                   89.68,              -9.7518e-13
                   89.72,               2.0390e-12
                   89.76,               2.2518e-12
                   89.80,              -8.3333e-13
                   89.84,              -3.1206e-12
                   89.88,              -5.2837e-12
                   89.92,               0.0000e+00
                   89.96,              -1.0461e-12
                   90.00,              -3.4752e-12
                   90.04,              -3.9539e-12
                   90.08,              -5.5496e-12
                   90.12,              -3.4043e-12
                   90.16,               4.5745e-12
                   90.20,               5.7624e-12
                   90.24,               1.2057e-12
                   90.28,               4.5035e-12
                   90.32,               2.2518e-12
                   90.36,               3.2270e-12
                   90.40,               2.8191e-12
                   90.44,               2.1809e-12
                   90.48,              -3.1915e-12
                   90.52,              -1.5248e-12
                   90.56,              -1.7376e-12
                   90.60,               6.5603e-12
                   90.64,               3.0851e-12
                   90.68,               3.9362e-12
                   90.72,               2.8014e-12
                   90.76,               4.2553e-13
                   90.80,               2.1277e-13
                   90.84,               5.1241e-12
                   90.88,               3.7234e-12
                   90.92,              -4.8404e-12
                   90.96,              -5.6915e-12
                   91.00,              -6.5780e-12
                   91.04,              -4.0957e-12
                   91.08,               7.0922e-14
                   91.12,               2.0390e-12
                   91.16,              -1.5426e-12
                   91.20,              -2.7128e-12
                   91.24,              -3.0496e-12
                   91.28,               2.2518e-12
                   91.32,               7.0922e-14
                   91.36,              -3.4752e-12
                   91.40,              -1.7376e-12
                   91.44,              -4.6454e-12
                   91.48,              -4.4504e-12
                   91.52,               9.2199e-13
                   91.56,               3.6525e-12
                   91.60,               2.2518e-12
                   91.64,               1.6135e-12
                   91.68,              -4.0957e-12
                   91.72,               7.0922e-13
                   91.76,               2.3936e-12
                   91.80,               4.8582e-12
                   91.84,              -3.3688e-13
                   91.88,               2.8369e-13
                   91.92,              -4.0780e-13
                   91.96,               1.7553e-12
                   92.00,               7.0922e-13
                   92.04,               2.1099e-12
                   92.08,               2.2518e-12
                   92.12,              -1.3830e-12
                   92.16,               5.6738e-13
                   92.20,               4.2908e-12
                   92.24,               3.2979e-12
                   92.28,              -2.1986e-12
                   92.32,              -1.9504e-12
                   92.36,              -6.3121e-12
                   92.40,              -3.4043e-12
                   92.44,               4.2553e-13
                   92.48,               1.4007e-12
                   92.52,               7.0922e-14
                   92.56,              -1.4539e-12
                   92.60,              -4.7163e-12
                   92.64,               1.2766e-12
                   92.68,               6.4007e-12
                   92.72,               5.4255e-12
                   92.76,               1.6844e-12
                   92.80,               7.0922e-13
                   92.84,               3.5461e-13
                   92.88,               2.5887e-12
                   92.92,               3.0142e-12
                   92.96,              -3.5284e-12
                   93.00,              -9.0426e-13
                   93.04,              -3.5461e-12
                   93.08,              -2.5709e-12
                   93.12,              -4.0780e-13
                   93.16,               2.3936e-12
                   93.20,              -3.6702e-12
                   93.24,               9.9291e-13
                   93.28,              -2.3582e-12
                   93.32,               1.8972e-12
                   93.36,               4.3617e-12
                   93.40,               1.5426e-12
                   93.44,               3.6702e-12
                   93.48,               3.3156e-12
                   93.52,               4.0071e-12
                   93.56,               7.6064e-12
                   93.60,               7.0390e-12
                   93.64,               3.5993e-12
                   93.68,               5.5496e-12
                   93.72,               2.1277e-13
                   93.76,              -1.3830e-12
                   93.80,               7.8014e-13
                   93.84,               7.0922e-14
                   93.88,              -2.6418e-12
                   93.92,               2.1099e-12
                   93.96,               1.3298e-12
                   94.00,               1.8262e-12
                   94.04,               5.0000e-12
                   94.08,               2.1099e-12
                   94.12,              -1.8085e-12
                   94.16,              -2.7837e-12
                   94.20,              -3.8298e-12
                   94.24,              -9.7518e-13
                   94.28,              -2.0922e-12
                   94.32,              -2.6950e-12
                   94.36,              -1.2411e-12
                   94.40,              -6.3830e-12
                   94.44,              -4.9291e-12
                   94.48,              -2.2340e-12
                   94.52,              -1.0461e-12
                   94.56,              -6.0284e-12
                   94.60,              -1.7376e-12
                   94.64,              -1.9504e-13
                   94.68,               8.5106e-13
                   94.72,               4.9823e-12
                   94.76,               2.7305e-12
                   94.80,               2.6064e-12
                   94.84,               3.8652e-12
                   94.88,               2.5177e-12
                   94.92,               6.9149e-12
                   94.96,               9.8050e-12
                   95.00,               6.6312e-12
                   95.04,               7.2518e-12
                   95.08,               3.2979e-12
                   95.12,               5.1950e-12
                   95.16,               6.1170e-12
                   95.20,               2.1099e-12
                   95.24,              -5.2128e-12
                   95.28,              -2.3050e-12
                   95.32,              -2.2872e-12
                   95.36,              -1.6667e-12
                   95.40,               4.6454e-12
                   95.44,               9.9291e-13
                   95.48,               7.0922e-13
                   95.52,               9.2199e-13
                   95.56,              -7.0922e-14
                   95.60,               3.3156e-12
                   95.64,               1.4007e-12
                   95.68,              -2.4113e-12
                   95.72,              -5.0709e-12
                   95.76,              -8.3688e-12
                   95.80,              -3.5461e-12
                   95.84,               2.8723e-12
                   95.88,               1.9681e-12
                   95.92,              -5.1950e-12
                   95.96,              -4.9291e-12
                   96.00,              -3.8298e-12
                   96.04,              -7.6241e-13
                   96.08,               7.5355e-12
                   96.12,               4.1489e-12
                   96.16,               3.6525e-12
                   96.20,               4.5035e-12
                   96.24,               4.9113e-12
                   96.28,               6.2589e-12
                   96.32,               6.1170e-12
                   96.36,               4.9645e-13
                   96.40,              -2.2163e-12
                   96.44,              -3.1915e-12
                   96.48,               4.9645e-13
                   96.52,               6.6844e-12
                   96.56,               3.2979e-12
                   96.60,               2.3227e-12
                   96.64,               3.9362e-12
                   96.68,               2.1277e-13
                   96.72,              -4.0780e-13
                   96.76,               5.7624e-12
                   96.80,               7.5355e-12
                   96.84,               2.6596e-12
                   96.88,               4.4326e-13
                   96.92,              -1.4716e-12
                   96.96,               3.0142e-13
                   97.00,               2.1099e-12
                   97.04,              -1.2411e-12
                   97.08,               2.1277e-13
                   97.12,              -3.1206e-12
                   97.16,              -3.0674e-12
                   97.20,               1.7553e-12
                   97.24,              -2.6596e-13
                   97.28,              -3.3333e-12
                   97.32,              -1.3830e-12
                   97.36,              -2.7128e-12
                   97.40,              -6.9149e-13
                   97.44,               2.9433e-12
                   97.48,               1.8972e-12
                   97.52,              -4.2376e-12
                   97.56,              -4.0957e-12
                   97.60,              -1.6667e-12
                   97.64,              -2.6596e-13
                   97.68,               3.5461e-13
                   97.72,              -2.7837e-12
                   97.76,              -3.6170e-12
                   97.80,              -4.0248e-12
                   97.84,              -5.9043e-12
                   97.88,              -2.5709e-12
                   97.92,              -3.4752e-12
                   97.96,              -9.0426e-12
                   98.00,              -5.7624e-12
                   98.04,              -9.8759e-12
                   98.08,              -6.8440e-12
                   98.12,              -1.4539e-12
                   98.16,              -2.3582e-12
                   98.20,              -7.8901e-12
                   98.24,              -3.9539e-12
                   98.28,              -3.3333e-12
                   98.32,              -4.7872e-13
                   98.36,              -7.6241e-13
                   98.40,              -2.6418e-12
                   98.44,              -9.7518e-13
                   98.48,              -2.6596e-13
                   98.52,              -6.9149e-13
                   98.56,               7.8901e-12
                   98.60,               6.4007e-12
                   98.64,               4.1489e-12
                   98.68,               7.2518e-12
                   98.72,               5.3546e-12
                   98.76,               5.6206e-12
                   98.80,               8.0319e-12
                   98.84,               4.6454e-12
                   98.88,              -2.4291e-12
                   98.92,              -5.4965e-13
                   98.96,              -5.0709e-12
                   99.00,               5.1418e-13
                   99.04,               4.0780e-12
                   99.08,               2.3936e-12
                   99.12,              -9.0426e-13
                   99.16,              -3.9539e-12
                   99.20,              -4.9291e-12
                   99.24,              -7.0922e-14
                   99.28,              -6.9149e-13
                   99.32,              -3.8121e-12
                   99.36,              -2.3759e-12
                   99.40,              -5.4078e-12
                   99.44,              -1.7376e-12
                   99.48,               7.0922e-13
                   99.52,               7.0922e-13
                   99.56,              -4.1667e-12
                   99.60,              -1.2589e-12
                   99.64,              -1.1170e-12
                   99.68,               4.5035e-12
                   99.72,               5.9043e-12
                   99.76,               5.6383e-12
                   99.80,               1.4716e-12
                   99.84,               2.6773e-12
                   99.88,               2.0390e-12
                   99.92,               6.2589e-12
                   99.96,               5.1241e-12
                  100.00,               7.2695e-13
                  100.04,               1.7553e-12
                  100.08,              -3.1206e-12
                  100.12,              -2.8546e-12
                  100.16,               9.9291e-13
                  100.20,               2.8191e-12
                  100.24,               7.0922e-13
                  100.28,               4.3617e-12
                  100.32,              -8.3333e-13
                  100.36,               4.2553e-13
                  100.40,               3.6525e-12
                  100.44,               3.9362e-12
                  100.48,              -4.7872e-13
                  100.52,               4.0071e-12
                  100.56,               3.9362e-12
                  100.60,               6.5426e-12
                  100.64,               6.9681e-12
                  100.68,               3.7411e-12
                  100.72,               1.6312e-12
                  100.76,              -2.6596e-13
                  100.80,               7.0922e-13
                  100.84,               6.0461e-12
                  100.88,               4.9823e-12
                  100.92,              -3.3333e-12
                  100.96,               1.4716e-12
                  101.00,              -5.3546e-12
                  101.04,              -1.4539e-12
                  101.08,               2.3936e-12
                  101.12,               3.3688e-12
                  101.16,               7.0922e-14
                  101.20,               8.5106e-13
                  101.24,              -1.9504e-12
                  101.28,              -1.3298e-12
                  101.32,              -1.8794e-12
                  101.36,              -2.0035e-12
                  101.40,              -8.8652e-13
                  101.44,              -2.4291e-12
                  101.48,               1.1348e-12
                  101.52,               5.6738e-13
                  101.56,               1.4716e-12
                  101.60,              -3.6879e-12
                  101.64,              -1.5957e-12
                  101.68,              -4.0957e-12
                  101.72,              -1.4007e-12
                  101.76,               9.9291e-13
                  101.80,               2.8014e-12
                  101.84,              -7.0922e-14
                  101.88,              -1.8617e-12
                  101.92,              -3.7589e-12
                  101.96,               2.4645e-12
                  102.00,               2.1099e-12
                  102.04,              -8.1560e-13
                  102.08,              -2.6596e-13
                  102.12,              -5.0000e-12
                  102.16,              -2.2340e-12
                  102.20,               3.2270e-12
                  102.24,               6.4716e-12
                  102.28,               3.7943e-12
                  102.32,               5.8333e-12
                  102.36,               7.8014e-13
                  102.40,               1.8972e-12
                  102.44,               4.5745e-12
                  102.48,               4.9645e-13
                  102.52,              -4.8582e-12
                  102.56,              -2.3582e-12
                  102.60,              -1.8794e-12
                  102.64,               1.4184e-13
                  102.68,               2.1099e-12
                  102.72,              -6.2057e-13
                  102.76,              -1.2411e-13
                  102.80,              -3.0674e-12
                  102.84,              -1.8794e-12
                  102.88,               7.0922e-14
                  102.92,               1.1879e-12
                  102.96,              -6.2057e-13
                  103.00,               8.5106e-13
                  103.04,              -3.1383e-12
                  103.08,              -5.4965e-13
                  103.12,               1.1348e-12
                  103.16,              -5.4965e-13
                  103.20,              -5.3369e-12
                  103.24,              -4.8582e-12
                  103.28,              -5.6206e-12
                  103.32,               6.3830e-13
                  103.36,               6.0461e-12
                  103.40,               4.8582e-12
                  103.44,               2.5177e-12
                  103.48,               2.5355e-12
                  103.52,               2.0390e-12
                  103.56,               4.8582e-12
                  103.60,               3.7943e-12
                  103.64,               1.2589e-12
                  103.68,               2.7305e-12
                  103.72,              -2.7128e-12
                  103.76,              -2.2340e-12
                  103.80,               1.0638e-12
                  103.84,               7.0922e-13
                  103.88,              -1.5248e-12
                  103.92,              -7.6241e-13
                  103.96,              -5.5496e-12
                  104.00,              -2.2163e-12
                  104.04,               7.0922e-13
                  104.08,               1.7730e-14
                  104.12,              -1.9504e-13
                  104.16,               1.7730e-14
                  104.20,              -4.7872e-13
                  104.24,               5.6383e-12
                  104.28,               6.1879e-12
                  104.32,               2.3936e-12
                  104.36,               4.6454e-12
                  104.40,              -4.0780e-13
                  104.44,              -2.0922e-12
                  104.48,              -1.2411e-13
                  104.52,              -1.1170e-12
                  104.56,              -4.8582e-12
                  104.60,              -1.7376e-12
                  104.64,              -5.6915e-12
                  104.68,              -2.1454e-12
                  104.72,               5.0532e-12
                  104.76,               5.0000e-12
                  104.80,              -8.3333e-13
                  104.84,              -9.7518e-13
                  104.88,              -1.2589e-12
                  104.92,               2.2518e-12
                  104.96,               4.2908e-12
                  105.00,               1.0638e-12
                  105.04,               2.8369e-13
                  105.08,              -2.1277e-13
                  105.12,               1.4184e-13
                  105.16,               6.8972e-12
                  105.20,               3.4397e-12
                  105.24,              -1.1170e-12
                  105.28,               4.0071e-12
                  105.32,               1.6135e-12
                  105.36,               2.8191e-12
                  105.40,               6.5426e-12
                  105.44,               9.6099e-12
                  105.48,               7.5355e-12
                  105.52,               8.4574e-12
                  105.56,               6.8262e-12
                  105.60,               1.0887e-11
                  105.64,               8.0319e-12
                  105.68,               5.2837e-12
                  105.72,               3.7943e-12
                  105.76,               4.2553e-13
                  105.80,               1.1348e-12
                  105.84,               7.3227e-12
                  105.88,               6.9681e-12
                  105.92,               2.8723e-12
                  105.96,               1.1879e-12
                  106.00,              -1.2589e-12
                  106.04,              -7.6241e-13
                  106.08,               3.4397e-12
                  106.12,               9.9291e-13
                  106.16,              -2.5709e-12
                  106.20,               4.2553e-13
                  106.24,               4.2553e-13
                  106.28,               1.8262e-12
                  106.32,               1.6844e-12
                  106.36,               2.3050e-13
                  106.40,               1.6135e-12
                  106.44,               3.5461e-13
                  106.48,               0.0000e+00
                  106.52,               3.3688e-12
                  106.56,               4.5745e-12
                  106.60,              -1.5957e-12
                  106.64,              -1.4184e-13
                  106.68,              -3.6170e-12
                  106.72,               1.0638e-12
                  106.76,               3.3156e-12
                  106.80,               3.9362e-12
                  106.84,              -7.0922e-14
                  106.88,               3.0142e-12
                  106.92,               1.1170e-12
                  106.96,               6.8972e-12
                  107.00,               6.8262e-12
                  107.04,               5.2128e-12
                  107.08,               6.1170e-12
                  107.12,               4.0780e-12
                  107.16,               3.7943e-12
                  107.20,               4.1489e-12
                  107.24,               1.9681e-12
                  107.28,              -2.2163e-12
                  107.32,               8.5106e-13
                  107.36,              -2.5709e-12
                  107.40,              -3.1915e-12
                  107.44,               1.4184e-13
                  107.48,               6.3830e-13
                  107.52,              -2.5709e-12
                  107.56,              -1.8794e-12
                  107.60,              -2.2872e-12
                  107.64,               2.6064e-12
                  107.68,               6.2589e-12
                  107.72,               5.7801e-12
                  107.76,               3.3865e-12
                  107.80,              -6.9149e-13
                  107.84,               0.0000e+00
                  107.88,               3.0142e-12
                  107.92,               4.0780e-12
                  107.96,               4.8404e-12
                  108.00,               7.5355e-12
                  108.04,               6.3830e-13
                  108.08,               5.6738e-13
                  108.12,               3.6525e-12
                  108.16,               5.4787e-12
                  108.20,              -5.3191e-14
                  108.24,               5.4078e-12
                  108.28,               5.1241e-12
                  108.32,               8.1028e-12
                  108.36,               8.5284e-12
                  108.40,               4.2908e-12
                  108.44,               2.2518e-12
                  108.48,               2.9433e-12
                  108.52,               1.8262e-12
                  108.56,               5.4787e-12
                  108.60,               6.3298e-12
                  108.64,               9.9291e-13
                  108.68,               2.6064e-12
                  108.72,              -5.4965e-13
                  108.76,               3.2979e-12
                  108.80,               3.4397e-12
                  108.84,               3.2979e-12
                  108.88,              -4.2376e-12
                  108.92,              -1.8085e-12
                  108.96,              -5.4965e-13
                  109.00,               2.8191e-12
                  109.04,               7.3227e-12
                  109.08,               2.3227e-12
                  109.12,               4.9645e-13
                  109.16,              -1.5957e-12
                  109.20,               1.4184e-13
                  109.24,               2.5355e-12
                  109.28,               5.9752e-12
                  109.32,               2.3227e-12
                  109.36,               3.2979e-12
                  109.40,              -1.2411e-13
                  109.44,               3.7234e-12
                  109.48,               7.9610e-12
                  109.52,               4.6454e-12
                  109.56,              -2.6596e-13
                  109.60,               5.4787e-12
                  109.64,               4.1489e-12
                  109.68,               6.8972e-12
                  109.72,               9.7340e-12
                  109.76,               6.8972e-12
                  109.80,               4.9291e-12
                  109.84,               3.8121e-12
                  109.88,               2.8723e-12
                  109.92,               5.9220e-12
                  109.96,               6.4716e-12
                  110.00,               5.8511e-13
                  110.04,               1.1348e-12
                  110.08,              -2.2872e-12
                  110.12,               2.8369e-13
                  110.16,               3.9362e-12
                  110.20,               4.9291e-12
                  110.24,               1.8972e-12
                  110.28,               5.2837e-12
                  110.32,              -3.5461e-13
                  110.36,               4.2553e-13
                  110.40,               5.8333e-12
                  110.44,               6.6135e-12
                  110.48,               3.1560e-12
                  110.52,               5.7624e-12
                  110.56,               4.2908e-12
                  110.60,               7.6773e-12
                  110.64,               5.9752e-12
                  110.68,               1.9681e-12
                  110.72,               1.6844e-12
                  110.76,               0.0000e+00
                  110.80,               4.7163e-12
                  110.84,               7.4645e-12
                  110.88,               6.2589e-12
                  110.92,               1.1348e-12
                  110.96,               7.8014e-13
                  111.00,              -1.8085e-12
                  111.04,               6.3830e-13
                  111.08,               6.8262e-12
                  111.12,               3.8652e-12
                  111.16,               7.0922e-13
                  111.20,               4.9645e-13
                  111.24,               1.4007e-12
                  111.28,               4.7163e-12
                  111.32,               2.6596e-12
                  111.36,               4.9645e-13
                  111.40,               6.3830e-13
                  111.44,               1.6844e-12
                  111.48,               2.3227e-12
                  111.52,               2.6064e-12
                  111.56,              -5.4965e-13
                  111.60,              -2.4291e-12
                  111.64,               1.4007e-12
                  111.68,              -4.2553e-13
                  111.72,              -6.9149e-13
                  111.76,               5.6206e-12
                  111.80,               3.2979e-12
                  111.84,              -1.4716e-12
                  111.88,               8.5106e-13
                  111.92,               4.9645e-13
                  111.96,               3.2270e-12
                  112.00,               3.8652e-12
                  112.04,               2.3936e-12
                  112.08,               3.5816e-12
                  112.12,               2.1809e-12
                  112.16,               2.6773e-12
                  112.20,               5.2660e-12
                  112.24,              -4.7872e-13
                  112.28,               2.6064e-12
                  112.32,               6.8262e-12
                  112.36,               3.8652e-12
                  112.40,               3.5816e-12
                  112.44,               5.9752e-12
                  112.48,               5.7624e-12
                  112.52,               1.0638e-12
                  112.56,               1.3298e-12
                  112.60,               5.6738e-13
                  112.64,               3.5816e-12
                  112.68,               5.0000e-12
                  112.72,               1.7730e-14
                  112.76,               2.1099e-12
                  112.80,               2.2518e-12
                  112.84,               2.7482e-12
                  112.88,               6.8262e-12
                  112.92,               2.0390e-12
                  112.96,              -2.6596e-13
                  113.00,               2.4645e-12
                  113.04,              -1.0461e-12
                  113.08,               2.8369e-13
                  113.12,               4.2908e-12
                  113.16,               5.1241e-12
                  113.20,              -1.0461e-12
                  113.24,              -1.1170e-12
                  113.28,              -2.0213e-12
                  113.32,               6.3830e-13
                  113.36,              -4.0780e-13
                  113.40,              -5.4965e-13
                  113.44,               2.1277e-13
                  113.48,              -2.0745e-12
                  113.52,              -1.4539e-12
                  113.56,               5.7624e-12
                  113.60,               3.7234e-12
                  113.64,               1.6844e-12
                  113.68,               3.0142e-12
                  113.72,              -4.0780e-13
                  113.76,               7.0922e-13
                  113.80,               7.8901e-12
                  113.84,               4.8582e-12
                  113.88,              -4.0957e-12
                  113.92,              -8.3333e-13
                  113.96,              -2.7837e-12
                  114.00,               2.9433e-12
                  114.04,               4.4858e-12
                  114.08,               1.7021e-12
                  114.12,               3.5461e-13
                  114.16,              -3.2624e-12
                  114.20,              -2.7837e-12
                  114.24,               2.3936e-12
                  114.28,               1.0638e-12
                  114.32,               6.5603e-13
                  114.36,               3.6525e-12
                  114.40,               3.0142e-12
                  114.44,               4.2908e-12
                  114.48,               6.4716e-12
                  114.52,               7.0390e-12
                  114.56,               1.8972e-12
                  114.60,               6.9681e-12
                  114.64,               3.7234e-12
                  114.68,               7.0390e-12
                  114.72,               7.9610e-12
                  114.76,               1.0319e-11
                  114.80,               9.3794e-12
                  114.84,               4.9291e-12
                  114.88,               4.2553e-13
                  114.92,               6.3298e-12
                  114.96,               5.7624e-12
                  115.00,               2.1099e-12
                  115.04,               4.4326e-12
                  115.08,               9.9291e-13
                  115.12,               3.0142e-12
                  115.16,               2.8723e-12
                  115.20,               4.3440e-12
                  115.24,               9.9291e-13
                  115.28,               3.5106e-12
                  115.32,               1.0638e-12
                  115.36,               4.0780e-12
                  115.40,               9.3794e-12
                  115.44,               5.2837e-12
                  115.48,               6.3830e-13
                  115.52,              -5.3191e-14
                  115.56,              -8.3333e-13
                  115.60,               6.6844e-12
                  115.64,               6.2589e-12
                  115.68,               6.3475e-12
                  115.72,               5.8333e-12
                  115.76,               1.2589e-12
                  115.80,               2.8014e-12
                  115.84,               2.8191e-12
                  115.88,               3.5461e-13
                  115.92,              -2.7837e-12
                  115.96,               2.3936e-12
                  116.00,              -9.0426e-13
                  116.04,               1.0638e-12
                  116.08,               4.4149e-12
                  116.12,               4.3617e-12
                  116.16,              -1.2411e-12
                  116.20,              -2.8369e-12
                  116.24,              -3.3333e-12
                  116.28,               3.1560e-12
                  116.32,               3.0142e-12
                  116.36,               2.1809e-12
                  116.40,               3.3688e-12
                  116.44,              -1.4184e-13
                  116.48,              -1.9504e-12
                  116.52,               3.7234e-12
                  116.56,               7.1099e-12
                  116.60,               2.1809e-12
                  116.64,               6.7021e-12
                  116.68,               7.8014e-13
                  116.72,               4.7163e-12
                  116.76,               4.0071e-12
                  116.80,               1.5603e-12
                  116.84,              -2.1454e-12
                  116.88,              -2.4291e-12
                  116.92,              -5.1418e-12
                  116.96,               1.5957e-13
                  117.00,               6.1170e-12
                  117.04,               3.9362e-12
                  117.08,               6.6844e-12
                  117.12,               2.8901e-12
                  117.16,               1.3298e-12
                  117.20,               5.0709e-12
                  117.24,               4.1312e-12
                  117.28,              -9.7518e-13
                  117.32,               2.1099e-12
                  117.36,              -3.7589e-12
                  117.40,              -2.1631e-12
                  117.44,               4.2553e-13
                  117.48,              -1.5248e-12
                  117.52,              -5.9574e-12
                  117.56,              -4.5745e-12
                  117.60,              -6.0993e-12
                  117.64,              -3.8830e-12
                  117.68,               4.9645e-13
                  117.72,               1.9681e-12
                  117.76,               5.0532e-12
                  117.80,               7.0922e-13
                  117.84,               7.6241e-13
                  117.88,               5.7092e-12
                  117.92,               3.8652e-12
                  117.96,               3.1560e-12
                  118.00,               3.5816e-12
                  118.04,               6.3830e-13
                  118.08,               3.1560e-12
                  118.12,               6.4716e-12
                  118.16,               5.0532e-12
                  118.20,               1.7553e-12
                  118.24,               4.2908e-12
                  118.28,               2.2518e-12
                  118.32,               5.9929e-12
                  118.36,               7.9610e-12
                  118.40,               4.0071e-12
                  118.44,               1.6844e-12
                  118.48,               5.6738e-13
                  118.52,               1.1170e-12
                  118.56,               6.4894e-12
                  118.60,               5.8333e-12
                  118.64,               3.4397e-12
                  118.68,               8.7411e-12
                  118.72,               2.5177e-12
                  118.76,               1.5603e-12
                  118.80,               5.6206e-12
                  118.84,               3.4397e-12
                  118.88,               2.1099e-12
                  118.92,               1.9681e-12
                  118.96,               8.5106e-13
                  119.00,               3.0851e-12
                  119.04,               4.9823e-12
                  119.08,               1.6844e-12
                  119.12,               1.9681e-12
                  119.16,              -1.8085e-12
                  119.20,              -2.9255e-12
                  119.24,               4.7163e-12
                  119.28,               6.4007e-12
                  119.32,               6.4007e-12
                  119.36,               5.5496e-12
                  119.40,               7.0922e-14
                  119.44,               2.2518e-12
                  119.48,               1.0018e-11
                  119.52,               5.6915e-12
                  119.56,               3.9362e-12
                  119.60,               5.4078e-12
                  119.64,               1.0638e-12
                  119.68,               2.1809e-12
                  119.72,               7.3227e-12
                  119.76,               3.5816e-12
                  119.80,              -8.3333e-13
                  119.84,              -3.0496e-12
                  119.88,              -1.8085e-12
                  119.92,               3.3688e-12
                  119.96,               4.6986e-12
                  120.00,               3.4397e-12
                  120.04,               1.5426e-12
                  120.08,              -3.3688e-13
                  120.12,               2.8369e-13
                  120.16,               6.7553e-12
                  120.20,               4.6277e-12
                  120.24,               4.1489e-12
                  120.28,               3.0319e-12
                  120.32,               4.9645e-13
                  120.36,               2.2518e-12
                  120.40,               6.0461e-12
                  120.44,               5.7801e-12
                  120.48,               4.2553e-13
                  120.52,              -1.9504e-12
                  120.56,              -2.5709e-12
                  120.60,               3.1560e-12
                  120.64,               3.8652e-12
                  120.68,               2.4645e-12
                  120.72,               4.5745e-12
                  120.76,               3.4397e-12
                  120.80,              -1.1879e-12
                  120.84,               2.3227e-12
                  120.88,               3.5461e-13
                  120.92,              -1.3830e-12
                  120.96,               2.5355e-12
                  121.00,              -1.5957e-12
                  121.04,              -4.7872e-13
                  121.08,               1.5426e-12
                  121.12,               3.5106e-12
                  121.16,               5.9752e-12
                  121.20,               4.6454e-12
                  121.24,               3.3688e-12
                  121.28,               5.8333e-12
                  121.32,               6.3298e-12
                  121.36,               1.6844e-12
                  121.40,               1.4007e-12
                  121.44,              -9.0426e-13
                  121.48,               2.3227e-12
                  121.52,               4.4326e-12
                  121.56,               1.1348e-12
                  121.60,              -3.3333e-12
                  121.64,              -3.6170e-12
                  121.68,              -5.1418e-12
                  121.72,              -2.5709e-12
                  121.76,               3.5461e-13
                  121.80,               1.4716e-12
                  121.84,              -4.0957e-12
                  121.88,              -2.6418e-12
                  121.92,              -3.4752e-12
                  121.96,               2.6064e-12
                  122.00,               2.7305e-12
                  122.04,              -1.3830e-12
                  122.08,               3.7234e-13
                  122.12,               1.6844e-12
                  122.16,               1.4184e-13
                  122.20,               2.8014e-12
                  122.24,               1.2589e-12
                  122.28,              -3.4043e-12
                  122.32,              -1.2411e-13
                  122.36,              -4.0248e-12
                  122.40,               9.9291e-13
                  122.44,               5.0532e-12
                  122.48,               2.6773e-12
                  122.52,              -2.2872e-12
                  122.56,              -2.0035e-12
                  122.60,              -2.5709e-12
                  122.64,               1.1879e-12
                  122.68,               2.3936e-12
                  122.72,               1.6312e-12
                  122.76,              -2.7837e-12
                  122.80,              -3.9539e-12
                  122.84,              -2.7128e-12
                  122.88,               2.8014e-12
                  122.92,               3.3688e-12
                  122.96,               7.8014e-13
                  123.00,               4.6277e-12
                  123.04,               2.3227e-12
                  123.08,               4.0780e-12
                  123.12,               7.9610e-12
                  123.16,               8.7411e-12
                  123.20,               5.2660e-12
                  123.24,               8.4043e-12
                  123.28,               2.9433e-12
                  123.32,               5.1418e-12
                  123.36,               7.1809e-12
                  123.40,               4.7872e-12
                  123.44,               5.0000e-12
                  123.48,               4.5745e-12
                  123.52,               4.3440e-12
                  123.56,               6.6135e-12
                  123.60,               4.0780e-12
                  123.64,              -4.7872e-13
                  123.68,               2.1277e-13
                  123.72,              -8.3333e-13
                  123.76,               1.2766e-12
                  123.80,               2.5355e-12
                  123.84,               3.2270e-12
                  123.88,              -2.2872e-12
                  123.92,               6.3830e-13
                  123.96,              -4.3085e-12
                  124.00,              -1.1170e-12
                  124.04,               5.6738e-13
                  124.08,              -7.4468e-13
                  124.12,              -1.8085e-12
                  124.16,              -1.3298e-12
                  124.20,               7.0922e-14
                  124.24,               4.1489e-12
                  124.28,               5.1241e-12
                  124.32,              -4.6099e-13
                  124.36,               3.4397e-12
                  124.40,              -6.2057e-13
                  124.44,               3.8652e-12
                  124.48,               8.2624e-12
                  124.52,               7.1099e-12
                  124.56,               2.6596e-12
                  124.60,               3.5106e-12
                  124.64,              -3.3688e-13
                  124.68,               4.0071e-12
                  124.72,               5.4255e-12
                  124.76,               3.4397e-12
                  124.80,               1.0638e-12
                  124.84,              -5.3191e-13
                  124.88,               2.8369e-13
                  124.92,               6.7553e-12
                  124.96,               9.9468e-12
                  125.00,               6.5603e-12
                  125.04,               6.7553e-12
                  125.08,               2.6596e-12
                  125.12,               5.1418e-12
                  125.16,               7.1099e-12
                  125.20,               4.9823e-12
                  125.24,               0.0000e+00
                  125.28,               3.7234e-13
                  125.32,              -8.3333e-13
                  125.36,               1.8972e-12
                  125.40,               3.7943e-12
                  125.44,               7.0390e-12
                  125.48,               8.0319e-12
                  125.52,               1.5426e-12
                  125.56,               3.7943e-12
                  125.60,               7.1099e-12
                  125.64,               5.7624e-12
                  125.68,               1.1348e-12
                  125.72,               2.3227e-12
                  125.76,               4.2553e-13
                  125.80,               1.9681e-12
                  125.84,               7.1099e-12
                  125.88,               5.6915e-12
                  125.92,              -1.4539e-12
                  125.96,               2.3227e-12
                  126.00,               2.8369e-13
                  126.04,               1.3298e-12
                  126.08,               2.1809e-12
                  126.12,              -5.3191e-14
                  126.16,               4.9645e-13
                  126.20,               4.9645e-13
                  126.24,              -1.5957e-12
                  126.28,               4.0071e-12
                  126.32,               3.9362e-12
                  126.36,               2.6773e-12
                  126.40,               3.5106e-12
                  126.44,              -4.7872e-13
                  126.48,               2.2518e-12
                  126.52,               7.1099e-12
                  126.56,               5.1418e-12
                  126.60,               2.3227e-12
                  126.64,               4.4149e-12
                  126.68,               3.8652e-12
                  126.72,               6.4184e-12
                  126.76,               1.2606e-11
                  126.80,               1.0532e-11
                  126.84,               5.3369e-12
                  126.88,               6.4716e-12
                  126.92,               1.1170e-12
                  126.96,               4.2908e-12
                  127.00,               6.1170e-12
                  127.04,               1.2057e-12
                  127.08,               1.2766e-12
                  127.12,               2.8369e-13
                  127.16,               1.0638e-12
                  127.20,               5.2837e-12
                  127.24,               4.1312e-12
                  127.28,               2.2518e-12
                  127.32,               3.3688e-12
                  127.36,               0.0000e+00
                  127.40,               1.4184e-13
                  127.44,               4.5745e-12
                  127.48,               4.0780e-12
                  127.52,               1.2589e-12
                  127.56,               3.8652e-12
                  127.60,               1.4716e-12
                  127.64,               8.9716e-12
                  127.68,               1.3528e-11
                  127.72,               1.1596e-11
                  127.76,               1.2535e-11
                  127.80,               1.0957e-11
                  127.84,               1.0018e-11
                  127.88,               1.2092e-11
                  127.92,               1.1596e-11
                  127.96,               9.6099e-12
                  128.00,               1.3883e-11
                  128.04,               1.2660e-11
                  128.08,               1.6046e-11
                  128.12,               2.3316e-11
                  128.16,               1.9876e-11
                  128.20,               1.5904e-11
                  128.24,               1.5762e-11
                  128.28,               1.4468e-11
                  128.32,               1.6631e-11
                  128.36,               1.8794e-11
                  128.40,               1.7358e-11
                  128.44,               1.1738e-11
                  128.48,               8.5284e-12
                  128.52,               9.8050e-12
                  128.56,               1.6844e-11
                  128.60,               1.5248e-11
                  128.64,               1.2110e-11
                  128.68,               1.1879e-11
                  128.72,               7.6773e-12
                  128.76,               9.5922e-12
                  128.80,               1.5266e-11
                  128.84,               1.4450e-11
                  128.88,               1.4397e-11
                  128.92,               2.7199e-11
                  128.96,               3.9131e-11
                  129.00,               6.5461e-11
                  129.04,               9.2181e-11
                  129.08,               1.1787e-10
                  129.12,               1.3807e-10
                  129.16,               1.4016e-10
                  129.20,               1.3578e-10
                  129.24,               1.3527e-10
                  129.28,               1.2204e-10
                  129.32,               9.8333e-11
                  129.36,               7.7145e-11
                  129.40,               5.6950e-11
                  129.44,               4.7996e-11
                  129.48,               3.8440e-11
                  129.52,               3.1489e-11
                  129.56,               2.1773e-11
                  129.60,               1.8067e-11
                  129.64,               9.5213e-12
                  129.68,               1.3032e-11
                  129.72,               2.0035e-11
                  129.76,               2.0904e-11
                  129.80,               1.6844e-11
                  129.84,               1.5550e-11
                  129.88,               1.2660e-11
                  129.92,               1.5833e-11
                  129.96,               1.5904e-11
                  130.00,               1.8067e-11
                  130.04,               1.9521e-11
                  130.08,               2.2500e-11
                  130.12,               2.7429e-11
                  130.16,               2.9858e-11
                  130.20,               2.9858e-11
                  130.24,               2.2730e-11
                  130.28,               2.8599e-11
                  130.32,               2.0674e-11
                  130.36,               2.4699e-11
                  130.40,               2.2872e-11
                  130.44,               2.3174e-11
                  130.48,               1.6702e-11
                  130.52,               1.7057e-11
                  130.56,               1.5177e-11
                  130.60,               1.9521e-11
                  130.64,               1.6773e-11
                  130.68,               1.4184e-11
                  130.72,               1.7216e-11
                  130.76,               1.2677e-11
                  130.80,               1.4681e-11
                  130.84,               1.8209e-11
                  130.88,               2.1348e-11
                  130.92,               2.2145e-11
                  130.96,               3.4255e-11
                  131.00,               4.7872e-11
                  131.04,               6.7855e-11
                  131.08,               8.8901e-11
                  131.12,               1.0266e-10
                  131.16,               1.0493e-10
                  131.20,               1.0617e-10
                  131.24,               1.0142e-10
                  131.28,               1.0009e-10
                  131.32,               8.1755e-11
                  131.36,               6.1259e-11
                  131.40,               4.8067e-11
                  131.44,               3.3582e-11
                  131.48,               2.5585e-11
                  131.52,               2.4486e-11
                  131.56,               2.1631e-11
                  131.60,               1.3174e-11
                  131.64,               1.8794e-11
                  131.68,               1.2518e-11
                  131.72,               1.4663e-11
                  131.76,               1.4238e-11
                  131.80,               1.3103e-11
                  131.84,               1.0532e-11
                  131.88,               1.4113e-11
                  131.92,               1.7996e-11
                  131.96,               3.4645e-11
                  132.00,               5.8156e-11
                  132.04,               8.3032e-11
                  132.08,               1.0598e-10
                  132.12,               1.1470e-10
                  132.16,               1.2667e-10
                  132.20,               1.3456e-10
                  132.24,               1.3309e-10
                  132.28,               1.1557e-10
                  132.32,               9.4663e-11
                  132.36,               6.7358e-11
                  132.40,               5.1383e-11
                  132.44,               4.2287e-11
                  132.48,               3.1507e-11
                  132.52,               2.3741e-11
                  132.56,               1.9681e-11
                  132.60,               1.4681e-11
                  132.64,               1.6277e-11
                  132.68,               1.9592e-11
                  132.72,               1.0887e-11
                  132.76,               1.0443e-11
                  132.80,               5.1241e-12
                  132.84,               3.9362e-12
                  132.88,               4.9291e-12
                  132.92,               2.8723e-12
                  132.96,              -3.3333e-12
                  133.00,              -1.1879e-12
                  133.04,              -2.3582e-12
                  133.08,               2.3936e-12
                  133.12,               1.0816e-11
                  133.16,               1.1738e-11
                  133.20,               4.0071e-12
                  133.24,               6.6844e-12
                  133.28,               2.3936e-12
                  133.32,               3.5816e-12
                  133.36,               6.0461e-12
                  133.40,               3.5461e-13
                  133.44,              -2.6596e-13
                  133.48,              -2.3582e-12
                  133.52,               1.1348e-12
                  133.56,               8.2624e-12
                  133.60,               9.2376e-12
                  133.64,               3.0319e-12
                  133.68,               4.4149e-12
                  133.72,              -1.3830e-12
                  133.76,              -1.6667e-12
                  133.80,               1.3298e-12
                  133.84,               1.1879e-12
                  133.88,              -7.6241e-13
                  133.92,               3.7234e-12
                  133.96,               9.5390e-12
                  134.00,               1.9397e-11
                  134.04,               2.8528e-11
                  134.08,               3.2465e-11
                  134.12,               3.8759e-11
                  134.16,               4.0319e-11
                  134.20,               4.1525e-11
                  134.24,               4.7465e-11
                  134.28,               4.4716e-11
                  134.32,               3.5904e-11
                  134.36,               2.8759e-11
                  134.40,               2.2057e-11
                  134.44,               1.9007e-11
                  134.48,               1.8582e-11
                  134.52,               1.4521e-11
                  134.56,               7.7482e-12
                  134.60,               9.3085e-12
                  134.64,               6.0461e-12
                  134.68,               6.6844e-12
                  134.72,               8.9539e-12
                  134.76,               6.8972e-12
                  134.80,               3.8652e-12
                  134.84,               1.8972e-12
                  134.88,               1.7553e-12
                  134.92,               5.5674e-12
                  134.96,              -1.4184e-13
                  135.00,              -3.9539e-12
                  135.04,              -2.7128e-12
                  135.08,              -3.9539e-12
                  135.12,               7.8014e-13
                  135.16,               9.6809e-12
                  135.20,               8.0319e-12
                  135.24,               4.9645e-13
                  135.28,               6.1170e-12
                  135.32,               3.7234e-12
                  135.36,               8.3865e-12
                  135.40,               1.1241e-11
                  135.44,               6.6844e-12
                  135.48,               2.8191e-12
                  135.52,               2.8723e-12
                  135.56,               3.3688e-12
                  135.60,               1.0035e-11
                  135.64,               9.8050e-12
                  135.68,               4.1489e-12
                  135.72,               6.8972e-12
                  135.76,               2.8014e-12
                  135.80,               4.5035e-12
                  135.84,               8.5284e-12
                  135.88,               9.6631e-12
                  135.92,               7.3227e-12
                  135.96,               9.8936e-12
                  136.00,               7.8901e-12
                  136.04,               1.4025e-11
                  136.08,               2.1702e-11
                  136.12,               2.5443e-11
                  136.16,               3.1135e-11
                  136.20,               3.6720e-11
                  136.24,               3.3582e-11
                  136.28,               3.9043e-11
                  136.32,               3.4096e-11
                  136.36,               2.4433e-11
                  136.40,               1.9876e-11
                  136.44,               1.5975e-11
                  136.48,               1.2021e-11
                  136.52,               1.2181e-11
                  136.56,               9.5922e-12
                  136.60,               6.7553e-12
                  136.64,               7.6773e-12
                  136.68,               3.0142e-12
                  136.72,               3.0142e-12
                  136.76,               4.6454e-12
                  136.80,               4.6277e-12
                  136.84,              -4.7872e-13
                  136.88,               1.6135e-12
                  136.92,              -2.9255e-12
                  136.96,               2.4645e-12
                  137.00,               6.1170e-12
                  137.04,               5.7092e-12
                  137.08,               4.7872e-12
                  137.12,              -6.9149e-13
                  137.16,              -3.4043e-12
                  137.20,               3.5106e-12
                  137.24,               1.6135e-12
                  137.28,              -1.9326e-12
                  137.32,               4.7872e-12
                  137.36,              -9.7518e-13
                  137.40,              -5.4965e-13
                  137.44,               2.8901e-12
                  137.48,               3.8652e-12
                  137.52,              -3.3688e-13
                  137.56,               2.6064e-12
                  137.60,               5.6738e-13
                  137.64,               3.8652e-12
                  137.68,               1.8972e-12
                  137.72,               1.8972e-12
                  137.76,               2.3936e-12
                  137.80,               9.2199e-13
                  137.84,               2.1099e-12
                  137.88,               7.8191e-12
                  137.92,               1.1241e-11
                  137.96,               8.5461e-12
                  138.00,               9.2376e-12
                  138.04,               4.0071e-12
                  138.08,               4.3440e-12
                  138.12,               7.0390e-12
                  138.16,               6.6844e-12
                  138.20,               3.5461e-13
                  138.24,               2.8014e-12
                  138.28,               1.8972e-12
                  138.32,               2.3936e-12
                  138.36,               4.6454e-12
                  138.40,               3.2270e-12
                  138.44,               5.4255e-12
                  138.48,               5.5496e-12
                  138.52,               2.2518e-12
                  138.56,               4.2908e-12
                  138.60,               4.6454e-12
                  138.64,               2.4645e-12
                  138.68,               4.3617e-12
                  138.72,               0.0000e+00
                  138.76,               2.5355e-12
                  138.80,               6.8262e-12
                  138.84,               6.8262e-12
                  138.88,               1.3475e-12
                  138.92,               5.6915e-12
                  138.96,               5.4078e-12
                  139.00,               6.5426e-12
                  139.04,               9.2376e-12
                  139.08,               7.6241e-12
                  139.12,               6.7553e-12
                  139.16,               5.9043e-12
                  139.20,               6.5426e-12
                  139.24,               9.1667e-12
                  139.28,               7.4645e-12
                  139.32,               1.6135e-12
                  139.36,               3.8652e-12
                  139.40,              -2.1277e-13
                  139.44,               1.6135e-12
                  139.48,               7.1099e-12
                  139.52,               1.1312e-11
                  139.56,               5.8333e-12
                  139.60,               6.8440e-12
                  139.64,               2.2518e-12
                  139.68,               3.2979e-12
                  139.72,               6.3298e-12
                  139.76,               2.8901e-12
                  139.80,               1.9681e-12
                  139.84,              -1.9326e-12
                  139.88,              -7.6241e-13
                  139.92,               3.0851e-12
                  139.96,               4.3617e-12
                  140.00,              -1.9504e-13
                  140.04,               1.5957e-13
                  140.08,               1.4716e-12
                  140.12,               5.9929e-12
                  140.16,               1.4096e-11
                  140.20,               1.1312e-11
                  140.24,               2.6773e-12
                  140.28,               6.6135e-12
                  140.32,               1.0638e-12
                  140.36,               2.1099e-12
                  140.40,               7.6064e-12
                  140.44,               4.5035e-12
                  140.48,               3.1028e-12
                  140.52,               3.7234e-12
                  140.56,               3.2979e-12
                  140.60,               6.4007e-12
                  140.64,               9.0957e-12
                  140.68,               4.5035e-12
                  140.72,               6.6844e-12
                  140.76,               3.7234e-12
                  140.80,               5.1241e-12
                  140.84,               7.4645e-12
                  140.88,               8.3865e-12
                  140.92,               4.4326e-12
                  140.96,               5.4787e-12
                  141.00,               7.0922e-13
                  141.04,               3.9362e-12
                  141.08,               9.6631e-12
                  141.12,               9.5390e-12
                  141.16,               5.4787e-12
                  141.20,               4.7872e-12
                  141.24,               5.0000e-12
                  141.28,               5.4787e-12
                  141.32,               7.8901e-12
                  141.36,               3.8652e-12
                  141.40,               4.4326e-12
                  141.44,               3.9362e-12
                  141.48,               4.8404e-12
                  141.52,               8.3156e-12
                  141.56,               9.5213e-12
                  141.60,               5.3369e-12
                  141.64,               6.0461e-12
                  141.68,               3.0851e-12
                  141.72,               4.3617e-12
                  141.76,               7.1099e-12
                  141.80,               5.0709e-12
                  141.84,               8.5106e-13
                  141.88,               8.5106e-13
                  141.92,              -6.2057e-13
                  141.96,               7.0922e-13
                  142.00,               4.0780e-12
                  142.04,               2.4645e-12
                  142.08,               3.7943e-12
                  142.12,               1.4184e-13
                  142.16,              -9.0426e-13
                  142.20,               7.6064e-12
                  142.24,               4.2199e-12
                  142.28,              -2.0745e-12
                  142.32,               4.8582e-12
                  142.36,               4.2908e-12
                  142.40,               1.8262e-12
                  142.44,               6.9681e-12
                  142.48,               4.4326e-12
                  142.52,              -5.4965e-13
                  142.56,               1.6135e-12
                  142.60,               7.6064e-12
                  142.64,               1.2748e-11
                  142.68,               1.1950e-11
                  142.72,               7.4645e-12
                  142.76,               3.2979e-12
                  142.80,               9.2199e-13
                  142.84,               6.3830e-13
                  142.88,               7.1809e-12
                  142.92,               7.1809e-12
                  142.96,               2.4645e-12
                  143.00,               2.7482e-12
                  143.04,              -6.9149e-13
                  143.08,               4.6454e-12
                  143.12,               1.3316e-11
                  143.16,               1.1312e-11
                  143.20,               3.8652e-12
                  143.24,               5.2128e-12
                  143.28,               5.5496e-12
                  143.32,               6.7553e-12
                  143.36,               6.4007e-12
                  143.40,               3.7943e-12
                  143.44,               2.6773e-12
                  143.48,               8.8652e-14
                  143.52,               2.5355e-12
                  143.56,               9.4681e-12
                  143.60,               7.3227e-12
                  143.64,               4.1489e-12
                  143.68,               2.8901e-12
                  143.72,              -4.7872e-13
                  143.76,               4.2553e-13
                  143.80,               8.1028e-12
                  143.84,               7.1809e-12
                  143.88,               2.9433e-12
                  143.92,               6.9681e-12
                  143.96,               6.1170e-12
                  144.00,               7.3227e-12
                  144.04,               8.1738e-12
                  144.08,               7.8901e-12
                  144.12,               6.2589e-12
                  144.16,               6.1170e-12
                  144.20,               2.6064e-12
                  144.24,               7.9610e-12
                  144.28,               7.3227e-12
                  144.32,               3.5816e-12
                  144.36,               7.9078e-12
                  144.40,               6.1170e-12
                  144.44,               4.9113e-12
                  144.48,               9.7518e-12
                  144.52,               1.2163e-11
                  144.56,               5.4787e-12
                  144.60,               7.5355e-12
                  144.64,               4.0780e-12
                  144.68,               1.7553e-12
                  144.72,               2.7482e-12
                  144.76,               1.7021e-12
                  144.80,              -1.5248e-12
                  144.84,               7.0922e-14
                  144.88,              -1.3298e-12
                  144.92,               1.4716e-12
                  144.96,              -2.0213e-12
                  145.00,              -2.2163e-12
                  145.04,               7.8014e-13
                  145.08,              -2.3582e-12
                  145.12,              -4.0780e-13
                  145.16,               4.9291e-12
                  145.20,               4.3440e-12
                  145.24,              -1.7376e-12
                  145.28,               4.1489e-12
                  145.32,               9.2199e-13
                  145.36,               3.5816e-12
                  145.40,               4.2199e-12
                  145.44,               3.9362e-12
                  145.48,               1.6844e-12
                  145.52,               3.4397e-12
                  145.56,               2.8014e-12
                  145.60,               9.5922e-12
                  145.64,               7.8191e-12
                  145.68,               2.8191e-12
                  145.72,               5.7092e-12
                  145.76,               1.4894e-12
                  145.80,               1.3298e-12
                  145.84,               5.1950e-12
                  145.88,               7.6773e-12
                  145.92,               5.8333e-12
                  145.96,               8.2447e-12
                  146.00,               4.2199e-12
                  146.04,               9.8759e-12
                  146.08,               1.0674e-11
                  146.12,               9.8936e-12
                  146.16,               7.5355e-12
                  146.20,               7.9610e-12
                  146.24,               7.7482e-12
                  146.28,               1.1312e-11
                  146.32,               9.6631e-12
                  146.36,               7.3227e-12
                  146.40,               6.7553e-12
                  146.44,              -2.6596e-13
                  146.48,               2.3936e-12
                  146.52,               6.6844e-12
                  146.56,               7.5355e-12
                  146.60,               1.8972e-12
                  146.64,               5.1418e-12
                  146.68,               2.8369e-13
                  146.72,              -1.2411e-13
                  146.76,               1.5426e-12
                  146.80,               3.7943e-12
                  146.84,              -2.5000e-12
                  146.88,               2.8723e-12
                  146.92,               3.4397e-12
                  146.96,               4.5567e-12
                  147.00,               6.3830e-13
                  147.04,              -5.3191e-14
                  147.08,               3.0142e-13
                  147.12,               1.5426e-12
                  147.16,               4.1489e-12
                  147.20,               1.1170e-11
                  147.24,               1.0461e-11
                  147.28,               3.7234e-12
                  147.32,               7.4645e-12
                  147.36,               3.5816e-12
                  147.40,               6.4716e-12
                  147.44,               1.2819e-11
                  147.48,               1.0957e-11
                  147.52,               5.6206e-12
                  147.56,               6.9149e-12
                  147.60,               3.1560e-12
                  147.64,               1.1099e-11
                  147.68,               9.6809e-12
                  147.72,               8.3156e-12
                  147.76,               9.7340e-12
                  147.80,               5.8511e-12
                  147.84,               8.1028e-12
                  147.88,               1.1950e-11
                  147.92,               1.1596e-11
                  147.96,               7.2518e-12
                  148.00,               9.5922e-12
                  148.04,               5.1241e-12
                  148.08,               7.1099e-12
                  148.12,               1.0390e-11
                  148.16,               1.1241e-11
                  148.20,               3.5816e-12
                  148.24,               3.6702e-12
                  148.28,               1.3298e-12
                  148.32,               3.4397e-12
                  148.36,               5.8333e-12
                  148.40,               4.3617e-12
                  148.44,               2.6773e-12
                  148.48,               1.3298e-12
                  148.52,               5.2128e-12
                  148.56,               1.0514e-11
                  148.60,               9.4504e-12
                  148.64,               5.5496e-12
                  148.68,               6.1170e-12
                  148.72,               9.7518e-13
                  148.76,               1.6135e-12
                  148.80,               5.6915e-12
                  148.84,               7.8191e-12
                  148.88,               6.3830e-13
                  148.92,               4.0071e-12
                  148.96,               3.1560e-12
                  149.00,               5.0532e-12
                  149.04,               7.6773e-12
                  149.08,               2.6064e-12
                  149.12,               1.6135e-12
                  149.16,               2.1277e-13
                  149.20,              -4.7872e-13
                  149.24,               3.5106e-12
                  149.28,               2.3936e-12
                  149.32,               1.2766e-12
                  149.36,               2.2518e-12
                  149.40,              -3.3688e-13
                  149.44,               2.7305e-12
                  149.48,               7.1099e-12
                  149.52,               8.8121e-12
                  149.56,               4.9113e-12
                  149.60,               5.9043e-12
                  149.64,               3.8652e-12
                  149.68,               4.6454e-12
                  149.72,               1.0089e-11
                  149.76,               9.0426e-12
                  149.80,               5.4078e-12
                  149.84,               5.3369e-12
                  149.88,               3.8652e-12
                  149.92,               7.5355e-12
                  149.96,               6.6844e-12
                  150.00,               1.7553e-12
