SRS RGASoft 4.1.0 - Residual Gas Analyzer Software
Document Created on, Thursday, October 9, 2025 1:42:28 PM, Central Daylight Time
RGA ID, SRSRGA200VER0.24SN18194


Scan Mode, Analog
Number of Data Points, 3726
Units, Torr
Start Mass, 1, AMU
Stop Mass, 150, AMU
Points Per AMU, 25
Scan Rate, 5.00
Detector, Faraday Cup
Focus Voltage, 90, V
Ion Energy, 12, eV
Electron Energy, 70, eV
CEM Voltage, 0, V
CEM Gain, 1.145
Partial Pressure Sensitivity Factor, 5.64
Total Pressure Sensitivity Factor, 0.237
Filament Current, 1.60, mA


Analog Scan Data
----------------

              Mass (AMU),         Intensity (Torr)
                    1.00,               6.4858e-11
                    1.04,               7.2500e-11
                    1.08,               8.9344e-11
                    1.12,               1.2059e-10
                    1.16,               1.7879e-10
                    1.20,               4.6619e-10
                    1.24,               9.5702e-10
                    1.28,               9.6931e-10
                    1.32,               7.7035e-10
                    1.36,               6.1200e-10
                    1.40,               5.1926e-10
                    1.44,               5.1230e-10
                    1.48,               7.2424e-10
                    1.52,               1.4718e-09
                    1.56,               2.4031e-09
                    1.60,               3.2577e-09
                    1.64,               3.6963e-09
                    1.68,               4.0015e-09
                    1.72,               4.2865e-09
                    1.76,               4.5696e-09
                    1.80,               4.8941e-09
                    1.84,               5.0797e-09
                    1.88,               5.1460e-09
                    1.92,               5.4663e-09
                    1.96,               5.5838e-09
                    2.00,               5.1698e-09
                    2.04,               4.8342e-09
                    2.08,               4.8859e-09
                    2.12,               4.8872e-09
                    2.16,               4.4835e-09
                    2.20,               4.1763e-09
                    2.24,               3.6482e-09
                    2.28,               2.5808e-09
                    2.32,               1.3327e-09
                    2.36,               6.9369e-10
                    2.40,               4.3098e-10
                    2.44,               2.8236e-10
                    2.48,               1.9629e-10
                    2.52,               1.4199e-10
                    2.56,               9.8652e-11
                    2.60,               7.9805e-11
                    2.64,               5.4309e-11
                    2.68,               3.9610e-11
                    2.72,               3.0691e-11
                    2.76,               1.9858e-11
                    2.80,               1.4167e-11
                    2.84,               1.7358e-11
                    2.88,               6.7908e-12
                    2.92,               6.9326e-12
                    2.96,               5.0709e-12
                    3.00,              -4.7872e-13
                    3.04,               3.2270e-12
                    3.08,               6.0638e-12
                    3.12,               1.0816e-12
                    3.16,               1.6489e-12
                    3.20,              -2.4468e-12
                    3.24,              -8.0496e-12
                    3.28,              -2.1631e-12
                    3.32,              -4.1312e-12
                    3.36,              -4.2730e-12
                    3.40,              -4.9645e-12
                    3.44,              -1.0124e-11
                    3.48,              -9.7163e-12
                    3.52,              -3.0142e-12
                    3.56,              -7.7660e-12
                    3.60,              -3.5816e-12
                    3.64,              -3.2979e-12
                    3.68,              -9.8582e-12
                    3.72,              -5.1064e-12
                    3.76,              -3.7057e-12
                    3.80,              -8.1915e-12
                    3.84,              -6.9326e-12
                    3.88,              -5.5319e-12
                    3.92,              -1.0408e-11
                    3.96,              -2.7305e-12
                    4.00,              -7.0567e-12
                    4.04,              -7.7660e-12
                    4.08,              -9.5745e-12
                    4.12,              -1.3032e-11
                    4.16,              -1.2057e-11
                    4.20,              -4.5567e-12
                    4.24,              -9.4326e-12
                    4.28,              -1.0266e-11
                    4.32,              -1.2216e-11
                    4.36,              -1.4681e-11
                    4.40,              -9.9823e-12
                    4.44,              -5.9574e-12
                    4.48,              -1.1649e-11
                    4.52,              -8.1915e-12
                    4.56,              -1.0957e-11
                    4.60,              -1.3723e-11
                    4.64,              -9.0071e-12
                    4.68,              -1.4539e-11
                    4.72,              -1.6879e-11
                    4.76,              -1.3848e-11
                    4.80,              -1.4663e-11
                    4.84,              -1.9096e-11
                    4.88,              -1.3369e-11
                    4.92,              -1.5496e-11
                    4.96,              -1.2216e-11
                    5.00,              -1.2890e-11
                    5.04,              -1.2624e-11
                    5.08,              -8.4574e-12
                    5.12,              -8.7234e-12
                    5.16,              -1.3440e-11
                    5.20,              -7.0745e-12
                    5.24,              -8.4574e-12
                    5.28,              -9.5745e-12
                    5.32,              -7.6241e-13
                    5.36,              -3.8298e-12
                    5.40,              -8.0496e-12
                    5.44,              -7.3582e-12
                    5.48,              -1.3298e-11
                    5.52,              -1.7837e-11
                    5.56,              -9.1667e-12
                    5.60,              -1.1365e-11
                    5.64,              -7.7660e-12
                    5.68,              -7.0745e-12
                    5.72,              -1.1649e-11
                    5.76,              -7.1986e-12
                    5.80,               5.1418e-13
                    5.84,              -5.2482e-12
                    5.88,              -5.5319e-12
                    5.92,              -7.7660e-12
                    5.96,              -1.2074e-11
                    6.00,              -5.5319e-12
                    6.04,              -5.6738e-12
                    6.08,              -1.0957e-11
                    6.12,              -1.1791e-11
                    6.16,              -1.3298e-11
                    6.20,              -1.3032e-11
                    6.24,              -4.9645e-12
                    6.28,              -9.4326e-12
                    6.32,              -8.5993e-12
                    6.36,              -1.1791e-11
                    6.40,              -1.4255e-11
                    6.44,              -1.2465e-11
                    6.48,              -8.8830e-12
                    6.52,              -1.2199e-11
                    6.56,              -5.6738e-12
                    6.60,              -9.0248e-12
                    6.64,              -9.5745e-12
                    6.68,              -4.9645e-12
                    6.72,              -4.9645e-12
                    6.76,              -7.7660e-12
                    6.80,              -5.9574e-12
                    6.84,              -9.1667e-12
                    6.88,              -1.1383e-11
                    6.92,              -6.3652e-12
                    6.96,              -1.1507e-11
                    7.00,              -1.2199e-11
                    7.04,              -1.0957e-11
                    7.08,              -1.4131e-11
                    7.12,              -1.3156e-11
                    7.16,              -3.7057e-12
                    7.20,              -7.5000e-12
                    7.24,              -5.2482e-12
                    7.28,              -5.9574e-12
                    7.32,              -8.1915e-12
                    7.36,              -5.5319e-12
                    7.40,              -8.1738e-12
                    7.44,              -9.4326e-12
                    7.48,              -7.0745e-12
                    7.52,              -9.0248e-12
                    7.56,              -1.1791e-11
                    7.60,              -4.6986e-12
                    7.64,              -9.8404e-12
                    7.68,              -1.0479e-11
                    7.72,              -9.1667e-12
                    7.76,              -1.2340e-11
                    7.80,              -1.3298e-11
                    7.84,              -4.8404e-12
                    7.88,              -1.1933e-11
                    7.92,              -6.6489e-12
                    7.96,              -4.9645e-12
                    8.00,              -8.7411e-12
                    8.04,              -8.7411e-12
                    8.08,              -6.6312e-12
                    8.12,              -1.0691e-11
                    8.16,              -1.0816e-11
                    8.20,              -1.2748e-11
                    8.24,              -1.3989e-11
                    8.28,              -9.0248e-12
                    8.32,              -1.3298e-11
                    8.36,              -1.1507e-11
                    8.40,              -6.9326e-12
                    8.44,              -1.2057e-11
                    8.48,              -1.2340e-11
                    8.52,              -4.5567e-12
                    8.56,              -1.0124e-11
                    8.60,              -3.7057e-12
                    8.64,              -5.1064e-12
                    8.68,              -1.1933e-11
                    8.72,              -7.9078e-12
                    8.76,              -4.1312e-12
                    8.80,              -9.2908e-12
                    8.84,              -1.0674e-11
                    8.88,              -1.2340e-11
                    8.92,              -1.5638e-11
                    8.96,              -8.7411e-12
                    9.00,              -1.0674e-11
                    9.04,              -1.2074e-11
                    9.08,              -1.0408e-11
                    9.12,              -1.1507e-11
                    9.16,              -1.2411e-11
                    9.20,              -2.0213e-12
                    9.24,              -6.5071e-12
                    9.28,              -4.2730e-12
                    9.32,              -7.9078e-12
                    9.36,              -1.0691e-11
                    9.40,              -9.2908e-12
                    9.44,              -9.2908e-12
                    9.48,              -1.1791e-11
                    9.52,              -1.1028e-11
                    9.56,              -1.3298e-11
                    9.60,              -1.3848e-11
                    9.64,              -6.9149e-12
                    9.68,              -1.0550e-11
                    9.72,              -1.2482e-11
                    9.76,              -9.0248e-12
                    9.80,              -1.0266e-11
                    9.84,              -1.3582e-11
                    9.88,              -7.5000e-12
                    9.92,              -1.3582e-11
                    9.96,              -1.2199e-11
                   10.00,              -1.3723e-11
                   10.04,              -1.5922e-11
                   10.08,              -1.4681e-11
                   10.12,              -1.1294e-11
                   10.16,              -1.3848e-11
                   10.20,              -9.4326e-12
                   10.24,              -1.1649e-11
                   10.28,              -1.3298e-11
                   10.32,              -8.0496e-12
                   10.36,              -9.6986e-12
                   10.40,              -8.0496e-12
                   10.44,              -8.4574e-12
                   10.48,              -1.1862e-11
                   10.52,              -1.4131e-11
                   10.56,              -7.5000e-12
                   10.60,              -1.3652e-11
                   10.64,              -1.1383e-11
                   10.68,              -1.1241e-11
                   10.72,              -1.1791e-11
                   10.76,              -1.1791e-11
                   10.80,              -1.1933e-11
                   10.84,              -1.6454e-11
                   10.88,              -1.3848e-11
                   10.92,              -1.3848e-11
                   10.96,              -1.6596e-11
                   11.00,              -8.0319e-12
                   11.04,              -7.7660e-12
                   11.08,              -4.2730e-12
                   11.12,              -4.6986e-12
                   11.16,              -1.0124e-11
                   11.20,              -1.2199e-11
                   11.24,              -6.6489e-12
                   11.28,              -1.0550e-11
                   11.32,              -7.7660e-12
                   11.36,              -2.8723e-12
                   11.40,              -7.6241e-13
                   11.44,               7.4113e-12
                   11.48,               3.0869e-11
                   11.52,               6.2908e-11
                   11.56,               1.2090e-10
                   11.60,               1.8188e-10
                   11.64,               2.3798e-10
                   11.68,               3.0606e-10
                   11.72,               3.6922e-10
                   11.76,               4.3457e-10
                   11.80,               4.9722e-10
                   11.84,               5.4402e-10
                   11.88,               5.6902e-10
                   11.92,               6.0303e-10
                   11.96,               6.1328e-10
                   12.00,               6.3266e-10
                   12.04,               6.2734e-10
                   12.08,               6.0408e-10
                   12.12,               5.9333e-10
                   12.16,               5.6780e-10
                   12.20,               4.6800e-10
                   12.24,               3.2805e-10
                   12.28,               2.1915e-10
                   12.32,               1.4468e-10
                   12.36,               1.0401e-10
                   12.40,               7.6915e-11
                   12.44,               5.5071e-11
                   12.48,               4.2145e-11
                   12.52,               3.5816e-11
                   12.56,               3.5053e-11
                   12.60,               4.5904e-11
                   12.64,               4.6507e-11
                   12.68,               5.1170e-11
                   12.72,               5.8670e-11
                   12.76,               5.8972e-11
                   12.80,               6.7713e-11
                   12.84,               8.4699e-11
                   12.88,               8.4362e-11
                   12.92,               9.4770e-11
                   12.96,               9.9273e-11
                   13.00,               9.8918e-11
                   13.04,               1.0702e-10
                   13.08,               1.1278e-10
                   13.12,               1.1417e-10
                   13.16,               1.2207e-10
                   13.20,               1.1725e-10
                   13.24,               1.0871e-10
                   13.28,               1.1690e-10
                   13.32,               1.3043e-10
                   13.36,               1.6470e-10
                   13.40,               2.3245e-10
                   13.44,               3.7211e-10
                   13.48,               7.6098e-10
                   13.52,               2.0194e-09
                   13.56,               4.0716e-09
                   13.60,               5.7183e-09
                   13.64,               6.8273e-09
                   13.68,               7.5871e-09
                   13.72,               8.5040e-09
                   13.76,               9.5062e-09
                   13.80,               1.0084e-08
                   13.84,               1.0464e-08
                   13.88,               1.0512e-08
                   13.92,               1.0524e-08
                   13.96,               1.0911e-08
                   14.00,               1.0888e-08
                   14.04,               1.0348e-08
                   14.08,               9.8918e-09
                   14.12,               9.5344e-09
                   14.16,               8.1987e-09
                   14.20,               4.7965e-09
                   14.24,               1.7426e-09
                   14.28,               8.3801e-10
                   14.32,               5.0750e-10
                   14.36,               3.3991e-10
                   14.40,               2.4676e-10
                   14.44,               1.9571e-10
                   14.48,               1.6511e-10
                   14.52,               1.7262e-10
                   14.56,               2.0138e-10
                   14.60,               2.5661e-10
                   14.64,               3.2911e-10
                   14.68,               3.8154e-10
                   14.72,               4.3810e-10
                   14.76,               4.9848e-10
                   14.80,               5.5858e-10
                   14.84,               6.1333e-10
                   14.88,               6.6991e-10
                   14.92,               6.8660e-10
                   14.96,               7.1824e-10
                   15.00,               7.4695e-10
                   15.04,               7.5924e-10
                   15.08,               7.5860e-10
                   15.12,               7.5892e-10
                   15.16,               7.4039e-10
                   15.20,               6.8599e-10
                   15.24,               5.2695e-10
                   15.28,               3.8475e-10
                   15.32,               3.2250e-10
                   15.36,               3.1456e-10
                   15.40,               3.6232e-10
                   15.44,               5.2768e-10
                   15.48,               1.0559e-09
                   15.52,               2.4340e-09
                   15.56,               4.5952e-09
                   15.60,               6.1310e-09
                   15.64,               7.1917e-09
                   15.68,               8.1710e-09
                   15.72,               8.9813e-09
                   15.76,               9.7643e-09
                   15.80,               1.0537e-08
                   15.84,               1.0661e-08
                   15.88,               1.0800e-08
                   15.92,               1.1088e-08
                   15.96,               1.1307e-08
                   16.00,               1.1253e-08
                   16.04,               1.0766e-08
                   16.08,               1.0295e-08
                   16.12,               9.8232e-09
                   16.16,               8.1796e-09
                   16.20,               4.1182e-09
                   16.24,               1.5966e-09
                   16.28,               8.1633e-10
                   16.32,               5.4372e-10
                   16.36,               4.2477e-10
                   16.40,               3.8736e-10
                   16.44,               4.4583e-10
                   16.48,               7.5658e-10
                   16.52,               1.6746e-09
                   16.56,               3.3577e-09
                   16.60,               4.9504e-09
                   16.64,               5.8484e-09
                   16.68,               6.6982e-09
                   16.72,               7.6066e-09
                   16.76,               8.3372e-09
                   16.80,               9.0901e-09
                   16.84,               9.3636e-09
                   16.88,               9.2496e-09
                   16.92,               9.6045e-09
                   16.96,               1.0058e-08
                   17.00,               1.0132e-08
                   17.04,               9.6391e-09
                   17.08,               9.2203e-09
                   17.12,               9.1801e-09
                   17.16,               8.1286e-09
                   17.20,               4.5005e-09
                   17.24,               1.7965e-09
                   17.28,               1.0263e-09
                   17.32,               8.1170e-10
                   17.36,               8.4863e-10
                   17.40,               1.1023e-09
                   17.44,               1.7978e-09
                   17.48,               4.3068e-09
                   17.52,               1.1108e-08
                   17.56,               1.8217e-08
                   17.60,               2.4016e-08
                   17.64,               2.7588e-08
                   17.68,               3.0813e-08
                   17.72,               3.5056e-08
                   17.76,               3.8342e-08
                   17.80,               4.1083e-08
                   17.84,               4.2823e-08
                   17.88,               4.1905e-08
                   17.92,               4.2949e-08
                   17.96,               4.5721e-08
                   18.00,               4.5771e-08
                   18.04,               4.3337e-08
                   18.08,               4.2110e-08
                   18.12,               4.1678e-08
                   18.16,               3.5892e-08
                   18.20,               1.6175e-08
                   18.24,               3.7876e-09
                   18.28,               1.4117e-09
                   18.32,               7.4284e-10
                   18.36,               4.7278e-10
                   18.40,               3.2463e-10
                   18.44,               2.3509e-10
                   18.48,               1.8064e-10
                   18.52,               1.6183e-10
                   18.56,               1.4972e-10
                   18.60,               1.5475e-10
                   18.64,               1.6473e-10
                   18.68,               1.6858e-10
                   18.72,               1.8679e-10
                   18.76,               2.0589e-10
                   18.80,               2.2429e-10
                   18.84,               2.4860e-10
                   18.88,               2.6252e-10
                   18.92,               2.7541e-10
                   18.96,               3.0335e-10
                   19.00,               3.2528e-10
                   19.04,               3.6074e-10
                   19.08,               3.9628e-10
                   19.12,               4.3734e-10
                   19.16,               5.0321e-10
                   19.20,               5.9957e-10
                   19.24,               7.2316e-10
                   19.28,               9.7374e-10
                   19.32,               1.4382e-09
                   19.36,               2.1980e-09
                   19.40,               3.8602e-09
                   19.44,               8.7137e-09
                   19.48,               2.0880e-08
                   19.52,               3.8602e-08
                   19.56,               5.0261e-08
                   19.60,               5.6889e-08
                   19.64,               6.6396e-08
                   19.68,               7.5575e-08
                   19.72,               8.3786e-08
                   19.76,               9.1567e-08
                   19.80,               9.1684e-08
                   19.84,               8.8571e-08
                   19.88,               9.2227e-08
                   19.92,               9.7388e-08
                   19.96,               1.0033e-07
                   20.00,               9.4909e-08
                   20.04,               9.0270e-08
                   20.08,               9.2996e-08
                   20.12,               8.3561e-08
                   20.16,               4.1845e-08
                   20.20,               8.1294e-09
                   20.24,               2.2046e-09
                   20.28,               1.0649e-09
                   20.32,               6.4138e-10
                   20.36,               4.2530e-10
                   20.40,               2.9587e-10
                   20.44,               2.1222e-10
                   20.48,               1.4949e-10
                   20.52,               1.1080e-10
                   20.56,               9.1472e-11
                   20.60,               6.8369e-11
                   20.64,               5.7730e-11
                   20.68,               4.8830e-11
                   20.72,               3.5975e-11
                   20.76,               3.2801e-11
                   20.80,               3.0851e-11
                   20.84,               2.2216e-11
                   20.88,               2.1028e-11
                   20.92,               1.5319e-11
                   20.96,               8.3688e-12
                   21.00,               1.4007e-11
                   21.04,               1.1543e-11
                   21.08,               8.0851e-12
                   21.12,               9.0780e-12
                   21.16,               6.6489e-12
                   21.20,               4.5035e-12
                   21.24,               9.6631e-12
                   21.28,               7.9787e-13
                   21.32,               5.1418e-13
                   21.36,               2.0745e-12
                   21.40,              -2.5887e-12
                   21.44,              -1.9504e-13
                   21.48,               6.2057e-12
                   21.52,               4.7872e-12
                   21.56,               1.2996e-11
                   21.60,               1.6348e-11
                   21.64,               1.4592e-11
                   21.68,               2.6543e-11
                   21.72,               3.5213e-11
                   21.76,               3.8706e-11
                   21.80,               4.4043e-11
                   21.84,               4.5904e-11
                   21.88,               4.6667e-11
                   21.92,               6.0727e-11
                   21.96,               6.1968e-11
                   22.00,               6.5461e-11
                   22.04,               6.7057e-11
                   22.08,               5.9131e-11
                   22.12,               6.2624e-11
                   22.16,               6.8014e-11
                   22.20,               4.7447e-11
                   22.24,               3.9770e-11
                   22.28,               2.8174e-11
                   22.32,               1.7074e-11
                   22.36,               1.4291e-11
                   22.40,               1.1277e-11
                   22.44,               5.7801e-12
                   22.48,               6.9326e-12
                   22.52,               1.6489e-12
                   22.56,              -3.3688e-13
                   22.60,               4.9291e-12
                   22.64,              -1.7376e-12
                   22.68,              -4.5567e-12
                   22.72,              -5.3901e-12
                   22.76,              -7.4823e-12
                   22.80,              -9.8582e-12
                   22.84,              -3.7057e-12
                   22.88,              -7.9078e-12
                   22.92,              -5.1064e-12
                   22.96,              -6.3830e-12
                   23.00,              -1.1649e-11
                   23.04,              -6.6489e-12
                   23.08,              -2.4468e-12
                   23.12,              -8.1915e-12
                   23.16,              -8.0496e-12
                   23.20,              -1.2340e-11
                   23.24,              -1.5089e-11
                   23.28,              -7.9078e-12
                   23.32,              -1.0957e-11
                   23.36,              -9.5745e-12
                   23.40,              -8.0496e-12
                   23.44,              -9.5745e-12
                   23.48,              -9.7163e-12
                   23.52,              -2.5887e-12
                   23.56,              -9.0248e-12
                   23.60,              -2.1631e-12
                   23.64,              -2.8723e-12
                   23.68,              -3.0142e-12
                   23.72,              -7.6241e-13
                   23.76,              -9.0426e-13
                   23.80,              -6.3652e-12
                   23.84,              -2.1631e-12
                   23.88,              -2.4468e-12
                   23.92,              -4.4149e-12
                   23.96,               8.1560e-13
                   24.00,               2.9433e-12
                   24.04,               1.0816e-12
                   24.08,               1.6489e-12
                   24.12,               2.6596e-12
                   24.16,              -3.1560e-12
                   24.20,               1.6489e-12
                   24.24,              -3.2979e-12
                   24.28,              -2.3050e-12
                   24.32,              -5.2482e-12
                   24.36,              -8.7411e-12
                   24.40,              -5.1064e-12
                   24.44,              -4.2730e-12
                   24.48,              -7.0745e-12
                   24.52,              -2.1631e-12
                   24.56,              -4.7872e-13
                   24.60,              -1.9504e-13
                   24.64,               1.4610e-11
                   24.68,               2.1631e-11
                   24.72,               2.5319e-11
                   24.76,               3.5833e-11
                   24.80,               4.1596e-11
                   24.84,               4.1294e-11
                   24.88,               4.9291e-11
                   24.92,               4.5426e-11
                   24.96,               5.2553e-11
                   25.00,               5.4894e-11
                   25.04,               5.2553e-11
                   25.08,               5.8528e-11
                   25.12,               6.6117e-11
                   25.16,               5.5993e-11
                   25.20,               4.7447e-11
                   25.24,               3.3422e-11
                   25.28,               2.1028e-11
                   25.32,               1.7358e-11
                   25.36,               1.1702e-11
                   25.40,               5.0709e-12
                   25.44,               7.5000e-12
                   25.48,               6.5071e-12
                   25.52,               9.5922e-12
                   25.56,               2.5638e-11
                   25.60,               3.5656e-11
                   25.64,               5.0869e-11
                   25.68,               6.9326e-11
                   25.72,               8.4699e-11
                   25.76,               1.0557e-10
                   25.80,               1.3165e-10
                   25.84,               1.4383e-10
                   25.88,               1.5619e-10
                   25.92,               1.6163e-10
                   25.96,               1.6693e-10
                   26.00,               1.8285e-10
                   26.04,               1.8863e-10
                   26.08,               1.8656e-10
                   26.12,               1.9617e-10
                   26.16,               1.9486e-10
                   26.20,               1.7303e-10
                   26.24,               1.4122e-10
                   26.28,               1.0051e-10
                   26.32,               8.1755e-11
                   26.36,               6.8972e-11
                   26.40,               5.3830e-11
                   26.44,               5.1631e-11
                   26.48,               5.6152e-11
                   26.52,               6.0248e-11
                   26.56,               7.7695e-11
                   26.60,               9.9805e-11
                   26.64,               1.2168e-10
                   26.68,               1.5427e-10
                   26.72,               1.8660e-10
                   26.76,               2.2356e-10
                   26.80,               2.7303e-10
                   26.84,               3.2060e-10
                   26.88,               3.6768e-10
                   26.92,               4.3165e-10
                   26.96,               4.8770e-10
                   27.00,               5.7011e-10
                   27.04,               6.6496e-10
                   27.08,               7.9048e-10
                   27.12,               9.9186e-10
                   27.16,               1.3316e-09
                   27.20,               1.7620e-09
                   27.24,               2.3375e-09
                   27.28,               3.1817e-09
                   27.32,               4.1709e-09
                   27.36,               5.5059e-09
                   27.40,               7.8310e-09
                   27.44,               1.1833e-08
                   27.48,               2.2771e-08
                   27.52,               4.7672e-08
                   27.56,               8.2441e-08
                   27.60,               1.1758e-07
                   27.64,               1.3705e-07
                   27.68,               1.5743e-07
                   27.72,               1.8678e-07
                   27.76,               2.1166e-07
                   27.80,               2.2668e-07
                   27.84,               2.3281e-07
                   27.88,               2.2634e-07
                   27.92,               2.3588e-07
                   27.96,               2.4978e-07
                   28.00,               2.4043e-07
                   28.04,               2.2963e-07
                   28.08,               2.3905e-07
                   28.12,               2.3736e-07
                   28.16,               1.7822e-07
                   28.20,               5.4946e-08
                   28.24,               9.9151e-09
                   28.28,               2.8279e-09
                   28.32,               1.3577e-09
                   28.36,               8.0560e-10
                   28.40,               5.5273e-10
                   28.44,               4.0897e-10
                   28.48,               3.4332e-10
                   28.52,               3.6344e-10
                   28.56,               4.5484e-10
                   28.60,               6.1271e-10
                   28.64,               7.9768e-10
                   28.68,               1.0020e-09
                   28.72,               1.2641e-09
                   28.76,               1.5636e-09
                   28.80,               1.7892e-09
                   28.84,               1.9282e-09
                   28.88,               1.9685e-09
                   28.92,               2.0004e-09
                   28.96,               2.1213e-09
                   29.00,               2.1643e-09
                   29.04,               2.1140e-09
                   29.08,               2.1182e-09
                   29.12,               2.1271e-09
                   29.16,               1.9174e-09
                   29.20,               1.2801e-09
                   29.24,               7.0496e-10
                   29.28,               4.4271e-10
                   29.32,               2.9794e-10
                   29.36,               2.0170e-10
                   29.40,               1.5894e-10
                   29.44,               1.3449e-10
                   29.48,               1.1741e-10
                   29.52,               1.3195e-10
                   29.56,               1.6980e-10
                   29.60,               2.2977e-10
                   29.64,               3.1379e-10
                   29.68,               3.9642e-10
                   29.72,               4.8918e-10
                   29.76,               5.9725e-10
                   29.80,               6.8748e-10
                   29.84,               7.5399e-10
                   29.88,               8.1521e-10
                   29.92,               8.4730e-10
                   29.96,               8.9660e-10
                   30.00,               9.2383e-10
                   30.04,               9.1117e-10
                   30.08,               9.1339e-10
                   30.12,               9.3257e-10
                   30.16,               8.5156e-10
                   30.20,               6.4092e-10
                   30.24,               4.2330e-10
                   30.28,               2.8119e-10
                   30.32,               2.0450e-10
                   30.36,               1.4789e-10
                   30.40,               1.1145e-10
                   30.44,               9.1968e-11
                   30.48,               7.3493e-11
                   30.52,               5.9291e-11
                   30.56,               6.7216e-11
                   30.60,               6.4025e-11
                   30.64,               7.1543e-11
                   30.68,               7.9131e-11
                   30.72,               8.7819e-11
                   30.76,               1.0654e-10
                   30.80,               1.3174e-10
                   30.84,               1.4670e-10
                   30.88,               1.7970e-10
                   30.92,               2.1401e-10
                   30.96,               2.5248e-10
                   31.00,               3.1652e-10
                   31.04,               3.9849e-10
                   31.08,               5.0121e-10
                   31.12,               6.3163e-10
                   31.16,               8.2069e-10
                   31.20,               1.1070e-09
                   31.24,               1.5686e-09
                   31.28,               2.1010e-09
                   31.32,               2.7505e-09
                   31.36,               3.6973e-09
                   31.40,               5.0657e-09
                   31.44,               7.8570e-09
                   31.48,               1.5076e-08
                   31.52,               3.0328e-08
                   31.56,               4.9813e-08
                   31.60,               6.7129e-08
                   31.64,               7.8176e-08
                   31.68,               9.4729e-08
                   31.72,               1.1492e-07
                   31.76,               1.2996e-07
                   31.80,               1.3873e-07
                   31.84,               1.3786e-07
                   31.88,               1.3896e-07
                   31.92,               1.5277e-07
                   31.96,               1.5474e-07
                   32.00,               1.4541e-07
                   32.04,               1.4175e-07
                   32.08,               1.4644e-07
                   32.12,               1.3725e-07
                   32.16,               7.3877e-08
                   32.20,               2.0949e-08
                   32.24,               4.6747e-09
                   32.28,               1.6685e-09
                   32.32,               8.6381e-10
                   32.36,               5.4952e-10
                   32.40,               3.7973e-10
                   32.44,               2.6803e-10
                   32.48,               2.0028e-10
                   32.52,               1.5539e-10
                   32.56,               1.1899e-10
                   32.60,               1.1108e-10
                   32.64,               9.7606e-11
                   32.68,               9.6596e-11
                   32.72,               9.6578e-11
                   32.76,               9.9681e-11
                   32.80,               1.0399e-10
                   32.84,               1.1229e-10
                   32.88,               1.0482e-10
                   32.92,               1.1126e-10
                   32.96,               1.1484e-10
                   33.00,               1.1330e-10
                   33.04,               1.2105e-10
                   33.08,               1.2553e-10
                   33.12,               1.2553e-10
                   33.16,               1.2089e-10
                   33.20,               9.7482e-11
                   33.24,               7.0284e-11
                   33.28,               5.8989e-11
                   33.32,               4.4078e-11
                   33.36,               3.0993e-11
                   33.40,               2.5762e-11
                   33.44,               2.1028e-11
                   33.48,               2.5638e-11
                   33.52,               4.2677e-11
                   33.56,               6.2695e-11
                   33.60,               1.0356e-10
                   33.64,               1.4525e-10
                   33.68,               1.8516e-10
                   33.72,               2.4427e-10
                   33.76,               3.1126e-10
                   33.80,               3.6660e-10
                   33.84,               4.1975e-10
                   33.88,               4.5005e-10
                   33.92,               4.7041e-10
                   33.96,               5.1248e-10
                   34.00,               5.3014e-10
                   34.04,               5.2537e-10
                   34.08,               5.3165e-10
                   34.12,               5.3316e-10
                   34.16,               4.7979e-10
                   34.20,               3.7255e-10
                   34.24,               2.5523e-10
                   34.28,               1.7777e-10
                   34.32,               1.2736e-10
                   34.36,               8.9184e-11
                   34.40,               6.8493e-11
                   34.44,               5.4770e-11
                   34.48,               3.8848e-11
                   34.52,               3.2943e-11
                   34.56,               2.5780e-11
                   34.60,               2.0443e-11
                   34.64,               2.5922e-11
                   34.68,               2.1773e-11
                   34.72,               1.5018e-11
                   34.76,               1.2996e-11
                   34.80,               7.8723e-12
                   34.84,               2.5000e-12
                   34.88,               9.0780e-12
                   34.92,               8.5106e-12
                   34.96,               9.3794e-12
                   35.00,               8.3688e-12
                   35.04,               7.3582e-12
                   35.08,               1.2553e-11
                   35.12,               1.6933e-11
                   35.16,               1.7074e-11
                   35.20,               2.6667e-11
                   35.24,               3.4450e-11
                   35.28,               3.7270e-11
                   35.32,               5.1809e-11
                   35.36,               6.3404e-11
                   35.40,               8.3121e-11
                   35.44,               1.2571e-10
                   35.48,               1.9598e-10
                   35.52,               3.4622e-10
                   35.56,               6.3908e-10
                   35.60,               1.0386e-09
                   35.64,               1.5068e-09
                   35.68,               2.0109e-09
                   35.72,               2.5573e-09
                   35.76,               3.0616e-09
                   35.80,               3.3503e-09
                   35.84,               3.4174e-09
                   35.88,               3.6014e-09
                   35.92,               3.9052e-09
                   35.96,               3.9089e-09
                   36.00,               3.7819e-09
                   36.04,               3.7849e-09
                   36.08,               3.8674e-09
                   36.12,               3.3881e-09
                   36.16,               2.0943e-09
                   36.20,               1.1167e-09
                   36.24,               6.2278e-10
                   36.28,               3.8629e-10
                   36.32,               2.6422e-10
                   36.36,               1.8711e-10
                   36.40,               1.3090e-10
                   36.44,               9.5443e-11
                   36.48,               7.8688e-11
                   36.52,               5.7890e-11
                   36.56,               4.7447e-11
                   36.60,               3.6720e-11
                   36.64,               2.9202e-11
                   36.68,               2.8901e-11
                   36.72,               2.9060e-11
                   36.76,               2.3404e-11
                   36.80,               2.5922e-11
                   36.84,               2.1028e-11
                   36.88,               1.9858e-11
                   36.92,               2.8599e-11
                   36.96,               2.3848e-11
                   37.00,               2.3404e-11
                   37.04,               2.2801e-11
                   37.08,               2.0745e-11
                   37.12,               2.3103e-11
                   37.16,               2.6064e-11
                   37.20,               2.1631e-11
                   37.24,               2.6809e-11
                   37.28,               2.9486e-11
                   37.32,               2.5035e-11
                   37.36,               2.9805e-11
                   37.40,               3.2642e-11
                   37.44,               3.7943e-11
                   37.48,               5.1631e-11
                   37.52,               7.3972e-11
                   37.56,               1.0489e-10
                   37.60,               1.6585e-10
                   37.64,               2.2126e-10
                   37.68,               2.8551e-10
                   37.72,               3.6266e-10
                   37.76,               4.3929e-10
                   37.80,               5.0021e-10
                   37.84,               5.6892e-10
                   37.88,               6.0686e-10
                   37.92,               6.6395e-10
                   37.96,               6.9881e-10
                   38.00,               7.0115e-10
                   38.04,               7.2071e-10
                   38.08,               7.4693e-10
                   38.12,               7.1865e-10
                   38.16,               5.9411e-10
                   38.20,               4.4901e-10
                   38.24,               3.3374e-10
                   38.28,               2.7956e-10
                   38.32,               2.4723e-10
                   38.36,               2.2895e-10
                   38.40,               2.3092e-10
                   38.44,               2.3982e-10
                   38.48,               2.5528e-10
                   38.52,               3.0358e-10
                   38.56,               3.4030e-10
                   38.60,               3.9681e-10
                   38.64,               4.6697e-10
                   38.68,               5.6007e-10
                   38.72,               7.1993e-10
                   38.76,               1.0434e-09
                   38.80,               1.4434e-09
                   38.84,               1.9098e-09
                   38.88,               2.5132e-09
                   38.92,               3.2115e-09
                   38.96,               4.1640e-09
                   39.00,               5.1472e-09
                   39.04,               6.1964e-09
                   39.08,               7.7227e-09
                   39.12,               9.5508e-09
                   39.16,               1.2141e-08
                   39.20,               1.6193e-08
                   39.24,               1.9722e-08
                   39.28,               2.3349e-08
                   39.32,               2.7711e-08
                   39.36,               3.2686e-08
                   39.40,               4.2346e-08
                   39.44,               6.0186e-08
                   39.48,               8.5306e-08
                   39.52,               1.3767e-07
                   39.56,               2.2921e-07
                   39.60,               3.2503e-07
                   39.64,               4.5321e-07
                   39.68,               5.6359e-07
                   39.72,               6.5433e-07
                   39.76,               7.4423e-07
                   39.80,               7.9218e-07
                   39.84,               8.2962e-07
                   39.88,               9.3349e-07
                   39.92,               1.0204e-06
                   39.96,               1.0293e-06
                   40.00,               9.5921e-07
                   40.04,               9.7327e-07
                   40.08,               1.0576e-06
                   40.12,               8.0101e-07
                   40.16,               3.3589e-07
                   40.20,               8.1947e-08
                   40.24,               9.2509e-09
                   40.28,               3.3107e-09
                   40.32,               1.7515e-09
                   40.36,               1.0531e-09
                   40.40,               6.9388e-10
                   40.44,               4.9585e-10
                   40.48,               3.5957e-10
                   40.52,               2.6980e-10
                   40.56,               2.2238e-10
                   40.60,               1.7996e-10
                   40.64,               1.5947e-10
                   40.68,               1.4560e-10
                   40.72,               1.4009e-10
                   40.76,               1.4436e-10
                   40.80,               1.5601e-10
                   40.84,               1.5910e-10
                   40.88,               1.7188e-10
                   40.92,               1.7855e-10
                   40.96,               1.8021e-10
                   41.00,               1.9695e-10
                   41.04,               2.0016e-10
                   41.08,               1.9920e-10
                   41.12,               1.9353e-10
                   41.16,               1.7729e-10
                   41.20,               1.4387e-10
                   41.24,               1.1523e-10
                   41.28,               7.9362e-11
                   41.32,               6.0709e-11
                   41.36,               4.6684e-11
                   41.40,               2.9521e-11
                   41.44,               2.2358e-11
                   41.48,               2.1188e-11
                   41.52,               1.5177e-11
                   41.56,               1.1684e-11
                   41.60,               1.1259e-11
                   41.64,               1.2340e-11
                   41.68,               1.8262e-11
                   41.72,               2.4433e-11
                   41.76,               3.0106e-11
                   41.80,               3.8085e-11
                   41.84,               4.2979e-11
                   41.88,               4.5585e-11
                   41.92,               6.2624e-11
                   41.96,               6.6578e-11
                   42.00,               7.1702e-11
                   42.04,               7.2996e-11
                   42.08,               7.0089e-11
                   42.12,               7.1862e-11
                   42.16,               7.4433e-11
                   42.20,               6.5000e-11
                   42.24,               5.6011e-11
                   42.28,               3.9184e-11
                   42.32,               2.5177e-11
                   42.36,               2.3103e-11
                   42.40,               1.7323e-11
                   42.44,               1.0532e-11
                   42.48,               1.0248e-11
                   42.52,               7.2340e-12
                   42.56,               4.2199e-12
                   42.60,               1.1702e-11
                   42.64,               8.7943e-12
                   42.68,               1.1844e-11
                   42.72,               1.9858e-11
                   42.76,               2.4131e-11
                   42.80,               3.2216e-11
                   42.84,               4.5585e-11
                   42.88,               5.0230e-11
                   42.92,               6.3103e-11
                   42.96,               7.7996e-11
                   43.00,               8.5514e-11
                   43.04,               1.0005e-10
                   43.08,               1.1160e-10
                   43.12,               1.2002e-10
                   43.16,               1.3163e-10
                   43.20,               1.3514e-10
                   43.24,               1.3585e-10
                   43.28,               1.5261e-10
                   43.32,               1.6436e-10
                   43.36,               1.8191e-10
                   43.40,               2.0862e-10
                   43.44,               2.4427e-10
                   43.48,               3.1282e-10
                   43.52,               4.5576e-10
                   43.56,               7.1973e-10
                   43.60,               1.3624e-09
                   43.64,               2.4037e-09
                   43.68,               3.6484e-09
                   43.72,               4.9198e-09
                   43.76,               6.2271e-09
                   43.80,               7.0863e-09
                   43.84,               7.4765e-09
                   43.88,               7.9317e-09
                   43.92,               8.6294e-09
                   43.96,               9.0456e-09
                   44.00,               8.5656e-09
                   44.04,               8.5286e-09
                   44.08,               9.0890e-09
                   44.12,               8.0369e-09
                   44.16,               5.2476e-09
                   44.20,               2.9318e-09
                   44.24,               1.3690e-09
                   44.28,               6.9140e-10
                   44.32,               4.2332e-10
                   44.36,               2.7872e-10
                   44.40,               1.9780e-10
                   44.44,               1.4842e-10
                   44.48,               1.0670e-10
                   44.52,               8.5691e-11
                   44.56,               6.7713e-11
                   44.60,               5.7092e-11
                   44.64,               5.9450e-11
                   44.68,               6.0408e-11
                   44.72,               6.3404e-11
                   44.76,               7.1064e-11
                   44.80,               7.2340e-11
                   44.84,               7.6383e-11
                   44.88,               9.0461e-11
                   44.92,               9.0940e-11
                   44.96,               1.0011e-10
                   45.00,               9.7252e-11
                   45.04,               9.3422e-11
                   45.08,               9.3262e-11
                   45.12,               9.8103e-11
                   45.16,               8.7323e-11
                   45.20,               7.7270e-11
                   45.24,               5.6809e-11
                   45.28,               4.0691e-11
                   45.32,               3.4610e-11
                   45.36,               2.4291e-11
                   45.40,               1.9113e-11
                   45.44,               1.5603e-11
                   45.48,               9.0780e-12
                   45.52,               3.2092e-12
                   45.56,               8.2092e-12
                   45.60,               5.6383e-12
                   45.64,               1.0390e-11
                   45.68,               1.2855e-11
                   45.72,               1.4592e-11
                   45.76,               2.0160e-11
                   45.80,               3.1294e-11
                   45.84,               3.3103e-11
                   45.88,               4.1915e-11
                   45.92,               4.2518e-11
                   45.96,               4.2979e-11
                   46.00,               5.1631e-11
                   46.04,               5.1631e-11
                   46.08,               5.2252e-11
                   46.12,               5.5514e-11
                   46.16,               4.7305e-11
                   46.20,               3.5355e-11
                   46.24,               3.2801e-11
                   46.28,               2.0745e-11
                   46.32,               1.8387e-11
                   46.36,               1.2270e-11
                   46.40,               3.9362e-12
                   46.44,               4.2199e-12
                   46.48,               9.0957e-12
                   46.52,               1.9326e-12
                   46.56,               4.6454e-12
                   46.60,               3.7234e-13
                   46.64,              -8.4574e-12
                   46.68,              -2.4468e-12
                   46.72,              -4.2730e-12
                   46.76,              -8.5993e-12
                   46.80,              -2.5887e-12
                   46.84,              -1.8794e-12
                   46.88,              -9.0426e-13
                   46.92,               4.3617e-12
                   46.96,               3.0674e-12
                   47.00,               5.2128e-12
                   47.04,               3.3511e-12
                   47.08,               6.5603e-13
                   47.12,               3.9007e-13
                   47.16,               7.0745e-12
                   47.20,              -2.8723e-12
                   47.24,               1.9326e-12
                   47.28,              -1.6135e-12
                   47.32,              -7.0745e-12
                   47.36,              -3.1560e-12
                   47.40,              -4.5390e-12
                   47.44,              -7.7660e-12
                   47.48,              -4.8404e-12
                   47.52,              -8.5993e-12
                   47.56,              -9.5745e-12
                   47.60,              -5.3901e-12
                   47.64,              -1.0550e-11
                   47.68,              -9.1489e-12
                   47.72,              -8.1915e-12
                   47.76,              -1.1933e-11
                   47.80,              -7.4645e-12
                   47.84,               7.9787e-13
                   47.88,              -7.0745e-12
                   47.92,              -1.4539e-12
                   47.96,              -5.1064e-12
                   48.00,              -7.4823e-12
                   48.04,              -3.7057e-12
                   48.08,              -3.2801e-12
                   48.12,              -5.5319e-12
                   48.16,              -4.2730e-12
                   48.20,              -4.1312e-12
                   48.24,              -6.9326e-12
                   48.28,              -6.0284e-13
                   48.32,              -2.0213e-12
                   48.36,              -5.2482e-12
                   48.40,              -3.2979e-12
                   48.44,              -8.8830e-12
                   48.48,              -9.8582e-12
                   48.52,              -2.8723e-12
                   48.56,              -7.7660e-12
                   48.60,              -5.5319e-12
                   48.64,              -6.9326e-12
                   48.68,              -1.2074e-11
                   48.72,              -8.8830e-12
                   48.76,              -7.6241e-12
                   48.80,              -9.1489e-12
                   48.84,              -5.3901e-12
                   48.88,              -4.5567e-12
                   48.92,              -8.3156e-12
                   48.96,              -3.3688e-13
                   49.00,              -5.6738e-12
                   49.04,              -6.0816e-12
                   49.08,              -4.8404e-12
                   49.12,              -3.8475e-12
                   49.16,              -4.9645e-12
                   49.20,               1.3652e-12
                   49.24,              -5.5319e-12
                   49.28,              -3.0142e-12
                   49.32,              -3.1560e-12
                   49.36,              -9.0248e-12
                   49.40,              -6.5071e-12
                   49.44,              -2.5887e-12
                   49.48,              -6.3652e-12
                   49.52,               7.9787e-13
                   49.56,              -5.3191e-14
                   49.60,              -4.7872e-13
                   49.64,               9.3972e-12
                   49.68,               1.4450e-11
                   49.72,               2.4149e-11
                   49.76,               3.5213e-11
                   49.80,               4.3582e-11
                   49.84,               5.2411e-11
                   49.88,               6.9468e-11
                   49.92,               7.3067e-11
                   49.96,               8.4043e-11
                   50.00,               9.0621e-11
                   50.04,               9.1933e-11
                   50.08,               1.0197e-10
                   50.12,               1.0736e-10
                   50.16,               9.0621e-11
                   50.20,               7.6560e-11
                   50.24,               5.4184e-11
                   50.28,               3.7642e-11
                   50.32,               3.5355e-11
                   50.36,               2.4149e-11
                   50.40,               1.5461e-11
                   50.44,               1.0674e-11
                   50.48,               3.7943e-12
                   50.52,               1.3830e-12
                   50.56,               7.3582e-12
                   50.60,               5.1418e-13
                   50.64,               6.5603e-13
                   50.68,               1.2234e-12
                   50.72,              -3.5638e-12
                   50.76,               1.0993e-12
                   50.80,               3.7943e-12
                   50.84,              -6.2057e-13
                   50.88,               2.7837e-12
                   50.92,               3.5106e-12
                   50.96,              -1.4716e-12
                   51.00,               3.7234e-13
                   51.04,              -2.0213e-12
                   51.08,               7.9787e-13
                   51.12,               3.7943e-12
                   51.16,               4.2199e-12
                   51.20,               1.7908e-12
                   51.24,               6.0816e-12
                   51.28,               7.9787e-13
                   51.32,               4.7872e-12
                   51.36,              -5.3191e-14
                   51.40,              -5.5319e-12
                   51.44,              -4.5567e-12
                   51.48,              -5.3901e-12
                   51.52,              -7.0745e-12
                   51.56,              -5.3901e-12
                   51.60,              -5.2482e-12
                   51.64,              -7.7660e-12
                   51.68,              -3.4220e-12
                   51.72,              -4.5390e-12
                   51.76,              -4.9645e-12
                   51.80,              -3.8475e-12
                   51.84,              -8.8830e-12
                   51.88,              -1.2199e-11
                   51.92,              -4.1312e-12
                   51.96,              -9.8582e-12
                   52.00,              -6.6489e-12
                   52.04,              -4.2730e-12
                   52.08,              -7.4823e-12
                   52.12,              -6.9326e-12
                   52.16,              -3.4397e-12
                   52.20,              -1.0408e-11
                   52.24,              -5.3901e-12
                   52.28,              -6.5071e-12
                   52.32,              -7.2163e-12
                   52.36,              -3.1383e-12
                   52.40,              -4.5567e-12
                   52.44,              -6.5071e-12
                   52.48,              -3.0142e-12
                   52.52,              -9.4326e-12
                   52.56,              -1.0550e-11
                   52.60,              -3.0142e-12
                   52.64,              -8.0496e-12
                   52.68,              -7.6241e-12
                   52.72,              -6.3652e-12
                   52.76,              -9.0957e-12
                   52.80,              -6.9326e-12
                   52.84,              -6.2057e-13
                   52.88,              -6.7908e-12
                   52.92,              -3.0142e-12
                   52.96,              -5.8156e-12
                   53.00,              -7.0745e-12
                   53.04,              -2.0213e-12
                   53.08,               1.7908e-12
                   53.12,              -5.3191e-14
                   53.16,              -4.7872e-13
                   53.20,              -6.2057e-13
                   53.24,              -6.2234e-12
                   53.28,              -3.7057e-12
                   53.32,              -1.1489e-11
                   53.36,              -1.2199e-11
                   53.40,              -1.0816e-11
                   53.44,              -1.3848e-11
                   53.48,              -1.2340e-11
                   53.52,              -6.0816e-12
                   53.56,              -1.2057e-11
                   53.60,              -1.2890e-11
                   53.64,              -1.3032e-11
                   53.68,              -1.4805e-11
                   53.72,              -8.8652e-12
                   53.76,              -7.1986e-12
                   53.80,              -8.0496e-12
                   53.84,              -3.8475e-12
                   53.88,              -6.7908e-12
                   53.92,              -1.0124e-11
                   53.96,              -2.4468e-12
                   54.00,              -5.1064e-12
                   54.04,              -8.5993e-12
                   54.08,              -9.7163e-12
                   54.12,              -1.4202e-11
                   54.16,              -1.1082e-11
                   54.20,              -2.1631e-12
                   54.24,              -5.5319e-12
                   54.28,              -4.9645e-12
                   54.32,              -5.3901e-12
                   54.36,              -9.7163e-12
                   54.40,              -6.2234e-12
                   54.44,              -4.5567e-12
                   54.48,              -1.0816e-11
                   54.52,              -4.1312e-12
                   54.56,              -4.4149e-12
                   54.60,              -8.0496e-12
                   54.64,              -3.0142e-12
                   54.68,              -4.4149e-12
                   54.72,              -3.2979e-12
                   54.76,              -4.8404e-12
                   54.80,              -9.1489e-12
                   54.84,              -9.7163e-12
                   54.88,              -5.3191e-14
                   54.92,              -4.5567e-12
                   54.96,               2.2163e-12
                   55.00,               4.9291e-12
                   55.04,               3.4929e-12
                   55.08,               4.7872e-12
                   55.12,               4.9291e-12
                   55.16,              -1.0284e-12
                   55.20,               3.9362e-12
                   55.24,              -6.2057e-13
                   55.28,              -4.2730e-12
                   55.32,               5.1418e-13
                   55.36,              -2.8723e-12
                   55.40,              -2.3050e-12
                   55.44,              -3.7057e-12
                   55.48,              -7.9078e-12
                   55.52,              -9.4326e-12
                   55.56,              -4.6986e-12
                   55.60,              -1.1791e-11
                   55.64,              -8.0496e-12
                   55.68,              -7.7660e-12
                   55.72,              -1.3848e-11
                   55.76,              -1.1223e-11
                   55.80,              -7.1986e-12
                   55.84,              -5.9397e-12
                   55.88,              -1.9504e-13
                   55.92,               8.8652e-14
                   55.96,              -2.8723e-12
                   56.00,               4.5035e-12
                   56.04,               7.9787e-13
                   56.08,               3.3688e-12
                   56.12,               5.7801e-12
                   56.16,               4.5035e-12
                   56.20,               5.3546e-12
                   56.24,               9.5213e-12
                   56.28,               1.6489e-12
                   56.32,               6.5603e-13
                   56.36,              -9.0426e-13
                   56.40,              -4.8404e-12
                   56.44,              -1.5957e-12
                   56.48,               1.9326e-12
                   56.52,              -3.1560e-12
                   56.56,              -3.4220e-12
                   56.60,              -5.3901e-12
                   56.64,              -8.8830e-12
                   56.68,              -2.4468e-12
                   56.72,              -4.2730e-12
                   56.76,              -7.1986e-12
                   56.80,              -3.0142e-12
                   56.84,              -4.2730e-12
                   56.88,              -7.4823e-12
                   56.92,               1.0816e-12
                   56.96,              -3.8475e-12
                   57.00,              -3.5638e-12
                   57.04,              -3.7057e-12
                   57.08,              -6.2411e-12
                   57.12,              -5.2482e-12
                   57.16,               5.1418e-13
                   57.20,              -4.4149e-12
                   57.24,               8.8652e-14
                   57.28,               3.7234e-13
                   57.32,              -5.1064e-12
                   57.36,              -1.3121e-12
                   57.40,              -4.7872e-13
                   57.44,              -3.8475e-12
                   57.48,              -4.2730e-12
                   57.52,              -9.5567e-12
                   57.56,              -1.3723e-11
                   57.60,              -5.3901e-12
                   57.64,              -8.5993e-12
                   57.68,              -3.9894e-12
                   57.72,              -4.1312e-12
                   57.76,              -8.7411e-12
                   57.80,              -7.9078e-12
                   57.84,              -1.3298e-12
                   57.88,              -3.5816e-12
                   57.92,              -1.4716e-12
                   57.96,              -6.2057e-13
                   58.00,              -2.8723e-12
                   58.04,               5.0709e-12
                   58.08,               3.3511e-12
                   58.12,               2.6418e-12
                   58.16,               3.0674e-12
                   58.20,               1.3652e-12
                   58.24,              -2.7305e-12
                   58.28,               9.3972e-13
                   58.32,               6.5603e-13
                   58.36,              -1.5957e-12
                   58.40,              -2.5887e-12
                   58.44,              -7.9078e-12
                   58.48,              -7.9078e-12
                   58.52,              -4.7872e-13
                   58.56,              -4.9645e-12
                   58.60,              -2.7305e-12
                   58.64,              -5.2482e-12
                   58.68,              -1.0124e-11
                   58.72,              -6.7730e-12
                   58.76,              -8.1738e-12
                   58.80,              -1.1099e-11
                   58.84,              -8.5993e-12
                   58.88,              -1.2748e-11
                   58.92,              -1.4539e-11
                   58.96,              -7.2163e-12
                   59.00,              -7.6241e-12
                   59.04,              -6.7908e-12
                   59.08,              -7.4823e-12
                   59.12,              -1.2199e-11
                   59.16,              -1.3989e-11
                   59.20,              -7.9078e-12
                   59.24,              -1.3440e-11
                   59.28,              -1.0000e-11
                   59.32,              -8.8830e-12
                   59.36,              -1.2890e-11
                   59.40,              -8.1738e-12
                   59.44,              -6.5071e-12
                   59.48,              -1.0408e-11
                   59.52,              -7.3582e-12
                   59.56,              -8.0496e-12
                   59.60,              -1.1933e-11
                   59.64,              -6.6489e-12
                   59.68,              -6.9326e-12
                   59.72,              -5.2482e-12
                   59.76,              -3.4397e-12
                   59.80,              -8.7411e-12
                   59.84,              -9.8404e-12
                   59.88,               7.9787e-13
                   59.92,              -4.2730e-12
                   59.96,              -3.1560e-12
                   60.00,              -2.3050e-12
                   60.04,              -5.3901e-12
                   60.08,              -3.5638e-12
                   60.12,               1.2234e-12
                   60.16,               5.1418e-13
                   60.20,               2.6418e-12
                   60.24,              -2.5887e-12
                   60.28,              -8.0496e-12
                   60.32,              -4.8404e-12
                   60.36,              -8.3156e-12
                   60.40,              -1.0957e-11
                   60.44,              -8.7411e-12
                   60.48,              -1.0816e-11
                   60.52,              -1.1507e-11
                   60.56,              -1.8794e-12
                   60.60,              -4.9823e-12
                   60.64,              -4.6986e-12
                   60.68,              -5.2482e-12
                   60.72,              -9.5745e-12
                   60.76,              -7.7660e-12
                   60.80,              -2.3050e-12
                   60.84,              -3.8475e-12
                   60.88,               1.3652e-12
                   60.92,              -7.6241e-13
                   60.96,              -4.2730e-12
                   61.00,               1.2234e-12
                   61.04,              -3.1915e-13
                   61.08,              -4.6099e-13
                   61.12,               1.6489e-12
                   61.16,              -2.8723e-12
                   61.20,              -5.9574e-12
                   61.24,               3.2092e-12
                   61.28,              -3.0142e-12
                   61.32,              -6.0284e-13
                   61.36,              -3.1560e-12
                   61.40,              -8.3333e-12
                   61.44,              -6.7908e-12
                   61.48,              -1.5957e-12
                   61.52,              -5.5319e-12
                   61.56,              -2.3050e-12
                   61.60,              -2.0213e-12
                   61.64,              -5.3901e-12
                   61.68,               5.5142e-12
                   61.72,               7.0745e-12
                   61.76,               1.1117e-11
                   61.80,               1.6773e-11
                   61.84,               2.1472e-11
                   61.88,               2.5479e-11
                   61.92,               4.2535e-11
                   61.96,               4.3280e-11
                   62.00,               5.0390e-11
                   62.04,               5.2092e-11
                   62.08,               5.1472e-11
                   62.12,               4.8989e-11
                   62.16,               4.4982e-11
                   62.20,               3.0993e-11
                   62.24,               2.6826e-11
                   62.28,               1.9113e-11
                   62.32,               9.8050e-12
                   62.36,               1.4167e-11
                   62.40,               1.0833e-11
                   62.44,               7.0745e-12
                   62.48,               5.9220e-12
                   62.52,               1.0816e-12
                   62.56,              -3.1560e-12
                   62.60,               5.2128e-12
                   62.64,               5.0709e-12
                   62.68,               9.3794e-12
                   62.72,               1.4876e-11
                   62.76,               1.6631e-11
                   62.80,               2.1206e-11
                   62.84,               3.3706e-11
                   62.88,               3.8865e-11
                   62.92,               5.3191e-11
                   62.96,               5.7872e-11
                   63.00,               6.2606e-11
                   63.04,               8.2624e-11
                   63.08,               9.2270e-11
                   63.12,               9.9025e-11
                   63.16,               1.0060e-10
                   63.20,               1.0152e-10
                   63.24,               9.7429e-11
                   63.28,               1.0803e-10
                   63.32,               1.1332e-10
                   63.36,               1.3080e-10
                   63.40,               1.5099e-10
                   63.44,               1.7449e-10
                   63.48,               2.0165e-10
                   63.52,               2.4463e-10
                   63.56,               2.7589e-10
                   63.60,               3.2449e-10
                   63.64,               3.8755e-10
                   63.68,               4.8340e-10
                   63.72,               6.2236e-10
                   63.76,               7.8285e-10
                   63.80,               9.3518e-10
                   63.84,               1.1208e-09
                   63.88,               1.3297e-09
                   63.92,               1.5488e-09
                   63.96,               1.7513e-09
                   64.00,               1.9416e-09
                   64.04,               2.2434e-09
                   64.08,               2.5691e-09
                   64.12,               2.9919e-09
                   64.16,               4.3104e-09
                   64.20,               6.3243e-09
                   64.24,               7.9521e-09
                   64.28,               9.2845e-09
                   64.32,               1.0704e-08
                   64.36,               1.2918e-08
                   64.40,               1.6040e-08
                   64.44,               1.6873e-08
                   64.48,               1.6473e-08
                   64.52,               1.8400e-08
                   64.56,               1.8420e-08
                   64.60,               1.3105e-08
                   64.64,               9.4101e-09
                   64.68,               6.5036e-09
                   64.72,               3.8399e-09
                   64.76,               2.3326e-09
                   64.80,               2.0039e-09
                   64.84,               2.0569e-09
                   64.88,               2.4302e-09
                   64.92,               2.8144e-09
                   64.96,               3.0173e-09
                   65.00,               3.2930e-09
                   65.04,               3.6790e-09
                   65.08,               3.7614e-09
                   65.12,               3.6981e-09
                   65.16,               4.2604e-09
                   65.20,               5.2059e-09
                   65.24,               6.2827e-09
                   65.28,               7.1912e-09
                   65.32,               8.3453e-09
                   65.36,               1.0013e-08
                   65.40,               1.2068e-08
                   65.44,               1.3193e-08
                   65.48,               1.3078e-08
                   65.52,               1.4396e-08
                   65.56,               1.5289e-08
                   65.60,               1.1744e-08
                   65.64,               9.7482e-09
                   65.68,               8.8545e-09
                   65.72,               7.9445e-09
                   65.76,               8.0034e-09
                   65.80,               9.1831e-09
                   65.84,               1.0506e-08
                   65.88,               1.3303e-08
                   65.92,               1.5736e-08
                   65.96,               1.5585e-08
                   66.00,               1.6724e-08
                   66.04,               1.8261e-08
                   66.08,               1.5442e-08
                   66.12,               1.0509e-08
                   66.16,               7.1855e-09
                   66.20,               4.3692e-09
                   66.24,               1.9234e-09
                   66.28,               9.3498e-10
                   66.32,               5.9573e-10
                   66.36,               4.3856e-10
                   66.40,               3.5087e-10
                   66.44,               3.1500e-10
                   66.48,               3.0691e-10
                   66.52,               3.1098e-10
                   66.56,               3.5149e-10
                   66.60,               4.2723e-10
                   66.64,               5.9039e-10
                   66.68,               1.0289e-09
                   66.72,               1.7730e-09
                   66.76,               2.5864e-09
                   66.80,               3.3110e-09
                   66.84,               3.9200e-09
                   66.88,               4.7722e-09
                   66.92,               5.8456e-09
                   66.96,               6.1028e-09
                   67.00,               6.2951e-09
                   67.04,               6.8339e-09
                   67.08,               6.1837e-09
                   67.12,               4.5702e-09
                   67.16,               3.3121e-09
                   67.20,               2.1969e-09
                   67.24,               1.2239e-09
                   67.28,               6.9707e-10
                   67.32,               4.7243e-10
                   67.36,               3.6353e-10
                   67.40,               2.9491e-10
                   67.44,               2.5988e-10
                   67.48,               2.4739e-10
                   67.52,               2.4920e-10
                   67.56,               2.6624e-10
                   67.60,               3.2993e-10
                   67.64,               4.4770e-10
                   67.68,               7.4280e-10
                   67.72,               1.2884e-09
                   67.76,               1.9460e-09
                   67.80,               2.5350e-09
                   67.84,               3.1304e-09
                   67.88,               3.8236e-09
                   67.92,               4.6395e-09
                   67.96,               4.9600e-09
                   68.00,               5.0689e-09
                   68.04,               5.5399e-09
                   68.08,               5.2280e-09
                   68.12,               3.9220e-09
                   68.16,               2.8475e-09
                   68.20,               1.9196e-09
                   68.24,               1.0890e-09
                   68.28,               6.2238e-10
                   68.32,               3.9353e-10
                   68.36,               2.6933e-10
                   68.40,               1.9651e-10
                   68.44,               1.4463e-10
                   68.48,               1.1468e-10
                   68.52,               1.0147e-10
                   68.56,               8.4202e-11
                   68.60,               8.1897e-11
                   68.64,               7.9610e-11
                   68.68,               8.2394e-11
                   68.72,               1.0950e-10
                   68.76,               1.4817e-10
                   68.80,               1.9672e-10
                   68.84,               2.5901e-10
                   68.88,               3.1275e-10
                   68.92,               3.7697e-10
                   68.96,               4.6894e-10
                   69.00,               5.3752e-10
                   69.04,               6.0392e-10
                   69.08,               6.6259e-10
                   69.12,               6.6830e-10
                   69.16,               5.9248e-10
                   69.20,               4.9645e-10
                   69.24,               3.7986e-10
                   69.28,               2.7619e-10
                   69.32,               1.9000e-10
                   69.36,               1.2826e-10
                   69.40,               9.7110e-11
                   69.44,               7.2394e-11
                   69.48,               5.1170e-11
                   69.52,               4.3369e-11
                   69.56,               3.1613e-11
                   69.60,               2.2216e-11
                   69.64,               2.2216e-11
                   69.68,               1.5177e-11
                   69.72,               1.5603e-11
                   69.76,               1.4149e-11
                   69.80,               9.8759e-12
                   69.84,               7.3759e-12
                   69.88,               1.2553e-11
                   69.92,               6.3652e-12
                   69.96,               9.2199e-12
                   70.00,               1.0390e-11
                   70.04,               6.7908e-12
                   70.08,               1.2411e-11
                   70.12,               1.1401e-11
                   70.16,               8.3688e-12
                   70.20,               9.8759e-12
                   70.24,               6.7908e-12
                   70.28,               3.7234e-13
                   70.32,               4.6454e-12
                   70.36,               1.2234e-12
                   70.40,               2.5000e-12
                   70.44,               7.9787e-13
                   70.48,              -3.0142e-12
                   70.52,              -1.1702e-12
                   70.56,               4.0780e-12
                   70.60,              -9.0426e-13
                   70.64,              -9.0426e-13
                   70.68,              -3.2979e-12
                   70.72,              -6.7908e-12
                   70.76,              -8.8652e-13
                   70.80,               6.7376e-13
                   70.84,              -5.2482e-12
                   70.88,              -3.9894e-12
                   70.92,              -3.7057e-12
                   70.96,              -7.3582e-12
                   71.00,              -2.5887e-12
                   71.04,              -6.9149e-12
                   71.08,              -7.6241e-12
                   71.12,              -5.6738e-12
                   71.16,              -6.5071e-12
                   71.20,              -7.6241e-12
                   71.24,              -4.2730e-12
                   71.28,              -9.7163e-12
                   71.32,              -5.8156e-12
                   71.36,              -8.3333e-12
                   71.40,              -1.2624e-11
                   71.44,              -9.0071e-12
                   71.48,              -4.4149e-12
                   71.52,              -7.4823e-12
                   71.56,              -5.5319e-12
                   71.60,              -7.6241e-12
                   71.64,              -1.2340e-11
                   71.68,              -8.4574e-12
                   71.72,              -1.0674e-11
                   71.76,              -9.0248e-12
                   71.80,              -7.5000e-12
                   71.84,              -1.0957e-11
                   71.88,              -1.6188e-11
                   71.92,              -5.9574e-12
                   71.96,              -9.0248e-12
                   72.00,              -4.4149e-12
                   72.04,              -5.1064e-12
                   72.08,              -7.2163e-12
                   72.12,              -2.3050e-12
                   72.16,               1.9504e-12
                   72.20,              -3.3688e-13
                   72.24,               4.7872e-12
                   72.28,               2.3050e-13
                   72.32,              -5.5319e-12
                   72.36,              -1.0284e-12
                   72.40,              -3.9894e-12
                   72.44,              -5.1064e-12
                   72.48,              -4.8404e-12
                   72.52,              -8.0496e-12
                   72.56,              -1.0266e-11
                   72.60,              -3.1560e-12
                   72.64,              -7.2163e-12
                   72.68,              -6.3652e-12
                   72.72,              -8.3333e-12
                   72.76,              -6.7908e-12
                   72.80,              -3.0142e-12
                   72.84,              -4.6099e-13
                   72.88,              -3.1560e-12
                   72.92,               5.1418e-13
                   72.96,              -1.5957e-12
                   73.00,              -6.3652e-12
                   73.04,              -6.2234e-12
                   73.08,              -3.1560e-12
                   73.12,              -2.7305e-12
                   73.16,              -1.0461e-12
                   73.20,              -3.9894e-12
                   73.24,              -6.0993e-12
                   73.28,              -1.9504e-13
                   73.32,              -6.0993e-12
                   73.36,              -1.3121e-12
                   73.40,              -1.4716e-12
                   73.44,              -6.7908e-12
                   73.48,              -5.2482e-12
                   73.52,              -3.9716e-12
                   73.56,              -9.2908e-12
                   73.60,              -4.8404e-12
                   73.64,              -6.7908e-12
                   73.68,              -7.9078e-12
                   73.72,              -3.1383e-12
                   73.76,              -4.6986e-12
                   73.80,              -8.0496e-12
                   73.84,              -7.3582e-12
                   73.88,              -9.5745e-12
                   73.92,              -6.9326e-12
                   73.96,               2.9255e-12
                   74.00,              -2.0213e-12
                   74.04,              -1.8972e-12
                   74.08,              -3.5816e-12
                   74.12,              -8.7411e-12
                   74.16,              -6.6489e-12
                   74.20,              -3.1560e-12
                   74.24,              -7.4823e-12
                   74.28,              -3.8475e-12
                   74.32,              -2.1631e-12
                   74.36,              -7.0745e-12
                   74.40,              -1.8794e-12
                   74.44,              -2.4468e-12
                   74.48,              -3.5638e-12
                   74.52,               6.5603e-13
                   74.56,              -2.1631e-12
                   74.60,              -7.6241e-12
                   74.64,              -3.2979e-12
                   74.68,              -6.7908e-12
                   74.72,              -6.3652e-12
                   74.76,              -3.5638e-12
                   74.80,              -6.2234e-12
                   74.84,              -3.1383e-12
                   74.88,               5.4965e-12
                   74.92,              -1.3298e-12
                   74.96,              -1.4716e-12
                   75.00,              -4.6986e-12
                   75.04,              -9.8582e-12
                   75.08,              -3.5638e-12
                   75.12,               1.0816e-12
                   75.16,              -3.8475e-12
                   75.20,              -1.6135e-12
                   75.24,              -2.4468e-12
                   75.28,              -6.0993e-12
                   75.32,               1.6667e-12
                   75.36,              -1.5957e-12
                   75.40,               1.3652e-12
                   75.44,               3.7234e-13
                   75.48,              -3.0142e-12
                   75.52,              -7.4823e-12
                   75.56,               1.5071e-12
                   75.60,              -3.2979e-12
                   75.64,               6.5603e-13
                   75.68,              -7.6241e-13
                   75.72,              -3.4220e-12
                   75.76,               8.1560e-13
                   75.80,               1.5071e-12
                   75.84,              -2.1631e-12
                   75.88,               1.0816e-12
                   75.92,              -2.3050e-12
                   75.96,              -5.9574e-12
                   76.00,              -6.0284e-13
                   76.04,              -4.2730e-12
                   76.08,              -5.1064e-12
                   76.12,              -3.2979e-12
                   76.16,              -7.4823e-12
                   76.20,              -8.8830e-12
                   76.24,              -4.8404e-12
                   76.28,              -7.2163e-12
                   76.32,              -1.4716e-12
                   76.36,              -4.1312e-12
                   76.40,              -1.0957e-11
                   76.44,              -5.1064e-12
                   76.48,              -2.9965e-12
                   76.52,              -7.2163e-12
                   76.56,              -7.6241e-12
                   76.60,              -8.1915e-12
                   76.64,              -9.2908e-12
                   76.68,              -3.4220e-12
                   76.72,              -1.7376e-12
                   76.76,              -5.5319e-12
                   76.80,              -3.2979e-12
                   76.84,              -6.6489e-12
                   76.88,              -7.4823e-12
                   76.92,               1.9326e-12
                   76.96,              -3.9894e-12
                   77.00,              -9.0426e-13
                   77.04,              -2.7305e-12
                   77.08,              -8.3156e-12
                   77.12,              -7.9078e-12
                   77.16,              -6.2234e-12
                   77.20,              -9.7163e-12
                   77.24,              -7.2163e-12
                   77.28,              -7.4823e-12
                   77.32,              -7.7660e-12
                   77.36,              -1.0106e-12
                   77.40,              -4.4326e-13
                   77.44,              -3.7057e-12
                   77.48,               1.3652e-12
                   77.52,               5.1418e-13
                   77.56,               6.5603e-13
                   77.60,               8.2092e-12
                   77.64,               1.5071e-12
                   77.68,              -6.2057e-13
                   77.72,              -1.5957e-12
                   77.76,              -9.2908e-12
                   77.80,              -7.1986e-12
                   77.84,              -7.6241e-13
                   77.88,              -3.0142e-12
                   77.92,              -1.0461e-12
                   77.96,              -1.1879e-12
                   78.00,              -4.9645e-12
                   78.04,               6.7376e-13
                   78.08,              -1.1702e-12
                   78.12,              -3.4220e-12
                   78.16,              -1.9504e-13
                   78.20,              -2.5887e-12
                   78.24,              -6.0993e-12
                   78.28,               3.3511e-12
                   78.32,              -6.0816e-12
                   78.36,              -4.6986e-12
                   78.40,              -6.0993e-12
                   78.44,              -1.0266e-11
                   78.48,              -5.6738e-12
                   78.52,              -1.3121e-12
                   78.56,              -6.6489e-12
                   78.60,              -7.6241e-13
                   78.64,              -3.1560e-12
                   78.68,              -3.2979e-12
                   78.72,               1.8085e-12
                   78.76,               2.6418e-12
                   78.80,               1.2234e-12
                   78.84,               4.3617e-12
                   78.88,              -3.3688e-13
                   78.92,              -8.0496e-12
                   78.96,              -1.1702e-12
                   79.00,              -6.9326e-12
                   79.04,              -4.2730e-12
                   79.08,              -3.4397e-12
                   79.12,              -6.2234e-12
                   79.16,              -7.7660e-12
                   79.20,              -2.7305e-12
                   79.24,              -6.7908e-12
                   79.28,              -1.8972e-12
                   79.32,              -4.2730e-12
                   79.36,              -8.8830e-12
                   79.40,              -7.0567e-12
                   79.44,              -4.9645e-12
                   79.48,              -7.0745e-12
                   79.52,              -6.0993e-12
                   79.56,              -2.8723e-12
                   79.60,              -9.5745e-12
                   79.64,              -6.3652e-12
                   79.68,              -8.3333e-12
                   79.72,              -5.5319e-12
                   79.76,              -4.1312e-12
                   79.80,              -7.0745e-12
                   79.84,              -7.7660e-12
                   79.88,              -1.0461e-12
                   79.92,              -3.1383e-12
                   79.96,               3.2092e-12
                   80.00,               1.2234e-12
                   80.04,              -6.7908e-12
                   80.08,              -2.4291e-12
                   80.12,              -8.8652e-13
                   80.16,              -7.9078e-12
                   80.20,              -5.3901e-12
                   80.24,              -6.5071e-12
                   80.28,              -7.9078e-12
                   80.32,              -1.0284e-12
                   80.36,              -2.0213e-12
                   80.40,              -3.5816e-12
                   80.44,              -1.7553e-12
                   80.48,              -3.8475e-12
                   80.52,              -7.4823e-12
                   80.56,              -1.8972e-12
                   80.60,              -4.8404e-12
                   80.64,              -2.4468e-12
                   80.68,              -2.3050e-12
                   80.72,              -4.6986e-12
                   80.76,              -4.1312e-12
                   80.80,              -1.3121e-12
                   80.84,              -6.6489e-12
                   80.88,              -7.0035e-12
                   80.92,              -7.9078e-12
                   80.96,              -1.1099e-11
                   81.00,              -3.2801e-12
                   81.04,              -2.1631e-12
                   81.08,              -9.0426e-13
                   81.12,              -1.3298e-12
                   81.16,              -2.5887e-12
                   81.20,               2.3050e-13
                   81.24,               6.7908e-12
                   81.28,               8.8652e-14
                   81.32,               2.5000e-12
                   81.36,               2.7837e-12
                   81.40,               6.5603e-13
                   81.44,               1.7908e-12
                   81.48,               5.0709e-12
                   81.52,               2.0745e-12
                   81.56,               4.5035e-12
                   81.60,              -7.4468e-13
                   81.64,              -7.0745e-12
                   81.68,               7.9787e-13
                   81.72,              -2.5887e-12
                   81.76,              -1.9504e-13
                   81.80,               1.2234e-12
                   81.84,              -2.8723e-12
                   81.88,              -4.2730e-12
                   81.92,              -1.9504e-13
                   81.96,              -3.0142e-12
                   82.00,               9.3972e-13
                   82.04,               3.7943e-12
                   82.08,               3.7234e-13
                   82.12,               1.5248e-12
                   82.16,               3.2270e-12
                   82.20,              -1.8794e-12
                   82.24,              -5.3191e-14
                   82.28,              -2.5887e-12
                   82.32,              -6.7908e-12
                   82.36,               3.9007e-13
                   82.40,              -2.4468e-12
                   82.44,              -7.0745e-12
                   82.48,              -5.9574e-12
                   82.52,              -6.2234e-12
                   82.56,              -3.2979e-12
                   82.60,               4.9291e-12
                   82.64,              -1.4539e-12
                   82.68,              -6.2057e-13
                   82.72,              -2.4468e-12
                   82.76,              -9.0248e-12
                   82.80,              -7.6241e-12
                   82.84,              -3.0142e-12
                   82.88,              -2.4468e-12
                   82.92,               1.6489e-12
                   82.96,              -1.1702e-12
                   83.00,              -7.3582e-12
                   83.04,              -2.3050e-12
                   83.08,              -1.7730e-13
                   83.12,              -2.5887e-12
                   83.16,              -2.7305e-12
                   83.20,              -7.9078e-12
                   83.24,              -1.0691e-11
                   83.28,              -4.7872e-13
                   83.32,              -3.4220e-12
                   83.36,              -9.0426e-13
                   83.40,              -3.8475e-12
                   83.44,              -7.9078e-12
                   83.48,              -8.3156e-12
                   83.52,              -1.3121e-12
                   83.56,              -4.1312e-12
                   83.60,              -4.7872e-13
                   83.64,              -4.1312e-12
                   83.68,              -4.6986e-12
                   83.72,               1.8085e-12
                   83.76,              -4.6099e-13
                   83.80,              -1.8794e-12
                   83.84,              -4.7872e-13
                   83.88,              -4.5567e-12
                   83.92,              -8.0496e-12
                   83.96,              -1.8794e-12
                   84.00,              -3.5638e-12
                   84.04,              -1.5957e-12
                   84.08,              -9.0426e-13
                   84.12,              -4.5567e-12
                   84.16,               3.7234e-13
                   84.20,               4.9291e-12
                   84.24,              -2.0213e-12
                   84.28,               7.9787e-13
                   84.32,              -5.3191e-14
                   84.36,              -5.9574e-12
                   84.40,              -4.6099e-13
                   84.44,              -4.6099e-13
                   84.48,              -3.5816e-12
                   84.52,              -2.0213e-12
                   84.56,              -3.0142e-12
                   84.60,              -5.3901e-12
                   84.64,               2.8014e-12
                   84.68,              -1.0284e-12
                   84.72,              -1.0284e-12
                   84.76,              -5.3191e-14
                   84.80,              -3.7057e-12
                   84.84,              -6.2234e-12
                   84.88,              -7.6241e-13
                   84.92,              -7.3582e-12
                   84.96,              -2.5887e-12
                   85.00,              -4.6986e-12
                   85.04,              -1.1383e-11
                   85.08,              -9.8404e-12
                   85.12,              -4.6986e-12
                   85.16,              -2.9965e-12
                   85.20,              -3.4220e-12
                   85.24,              -6.5071e-12
                   85.28,              -6.6489e-12
                   85.32,              -1.0284e-12
                   85.36,              -5.5319e-12
                   85.40,              -5.2482e-12
                   85.44,              -4.4149e-12
                   85.48,              -4.9645e-12
                   85.52,              -6.9326e-12
                   85.56,              -2.1631e-12
                   85.60,              -7.1986e-12
                   85.64,              -1.8794e-12
                   85.68,              -2.8723e-12
                   85.72,              -5.2482e-12
                   85.76,              -2.8546e-12
                   85.80,               1.3652e-12
                   85.84,              -2.5887e-12
                   85.88,               7.9787e-13
                   85.92,               8.8652e-14
                   85.96,              -3.7057e-12
                   86.00,               1.3652e-12
                   86.04,               8.8652e-14
                   86.08,              -1.3121e-12
                   86.12,              -1.3298e-12
                   86.16,              -5.2482e-12
                   86.20,              -4.8227e-12
                   86.24,               2.6418e-12
                   86.28,              -3.2979e-12
                   86.32,              -4.7872e-13
                   86.36,              -1.3298e-12
                   86.40,              -3.9894e-12
                   86.44,              -1.7376e-12
                   86.48,              -3.1915e-13
                   86.52,              -4.2730e-12
                   86.56,              -2.1631e-12
                   86.60,              -5.6738e-12
                   86.64,              -6.2234e-12
                   86.68,              -1.9504e-13
                   86.72,              -3.4220e-12
                   86.76,              -2.8723e-12
                   86.80,              -2.8723e-12
                   86.84,              -4.8404e-12
                   86.88,              -4.6809e-12
                   86.92,               5.3546e-12
                   86.96,              -3.9894e-12
                   87.00,               1.2234e-12
                   87.04,              -2.0390e-12
                   87.08,              -4.9645e-12
                   87.12,              -1.8794e-12
                   87.16,               1.2234e-12
                   87.20,              -5.1064e-12
                   87.24,              -2.5887e-12
                   87.28,              -5.3901e-12
                   87.32,              -8.5993e-12
                   87.36,              -3.1383e-12
                   87.40,              -2.7305e-12
                   87.44,              -2.0213e-12
                   87.48,               1.0816e-12
                   87.52,              -2.4468e-12
                   87.56,              -4.9645e-12
                   87.60,               1.2234e-12
                   87.64,              -3.8475e-12
                   87.68,              -2.4468e-12
                   87.72,              -2.0390e-12
                   87.76,              -8.4574e-12
                   87.80,              -5.1064e-12
                   87.84,               1.0816e-12
                   87.88,              -2.8723e-12
                   87.92,              -4.7872e-13
                   87.96,              -6.2057e-13
                   88.00,              -4.6986e-12
                   88.04,              -1.0461e-12
                   88.08,              -1.5957e-12
                   88.12,              -3.9894e-12
                   88.16,              -5.6738e-12
                   88.20,              -7.7660e-12
                   88.24,              -7.7660e-12
                   88.28,              -3.3688e-13
                   88.32,              -4.5567e-12
                   88.36,               9.3972e-13
                   88.40,               2.3582e-12
                   88.44,              -4.4149e-12
                   88.48,              -5.1064e-12
                   88.52,              -1.3121e-12
                   88.56,              -5.5319e-12
                   88.60,              -9.0426e-13
                   88.64,              -4.1312e-12
                   88.68,              -6.9326e-12
                   88.72,               1.9504e-12
                   88.76,               5.6383e-12
                   88.80,               2.9255e-12
                   88.84,               4.2199e-12
                   88.88,              -2.8546e-12
                   88.92,              -9.0248e-12
                   88.96,              -2.1809e-12
                   89.00,              -7.7660e-12
                   89.04,              -5.2482e-12
                   89.08,              -4.2730e-12
                   89.12,              -6.6489e-12
                   89.16,              -4.2553e-12
                   89.20,              -1.1702e-12
                   89.24,              -8.0496e-12
                   89.28,              -5.1064e-12
                   89.32,              -5.9574e-12
                   89.36,              -1.1223e-11
                   89.40,              -8.1738e-12
                   89.44,              -7.9787e-12
                   89.48,              -5.9574e-12
                   89.52,              -4.6986e-12
                   89.56,              -5.3901e-12
                   89.60,              -6.9326e-12
                   89.64,               5.1418e-13
                   89.68,              -1.6135e-12
                   89.72,               1.2234e-12
                   89.76,               4.3617e-12
                   89.80,               1.6489e-12
                   89.84,               5.1418e-13
                   89.88,               4.6454e-12
                   89.92,              -7.6241e-13
                   89.96,              -1.0461e-12
                   90.00,              -1.1879e-12
                   90.04,              -6.3652e-12
                   90.08,              -1.7376e-12
                   90.12,              -1.0284e-12
                   90.16,              -3.9894e-12
                   90.20,              -3.2979e-12
                   90.24,              -5.8156e-12
                   90.28,              -6.2234e-12
                   90.32,               3.0674e-12
                   90.36,              -7.4468e-13
                   90.40,              -3.0142e-12
                   90.44,              -9.0426e-13
                   90.48,              -4.9645e-12
                   90.52,              -2.3050e-12
                   90.56,               1.5071e-12
                   90.60,              -3.5638e-12
                   90.64,              -2.1631e-12
                   90.68,              -1.0461e-12
                   90.72,              -3.8475e-12
                   90.76,              -1.5957e-12
                   90.80,              -1.4539e-12
                   90.84,              -6.0816e-12
                   90.88,              -3.7057e-12
                   90.92,              -7.0745e-12
                   90.96,              -8.8121e-12
                   91.00,              -2.9965e-12
                   91.04,              -1.8794e-12
                   91.08,              -3.1560e-12
                   91.12,              -3.9894e-12
                   91.16,              -8.1915e-12
                   91.20,              -8.4574e-12
                   91.24,              -1.4716e-12
                   91.28,              -5.6738e-12
                   91.32,              -3.5638e-12
                   91.36,              -3.0142e-12
                   91.40,              -6.6489e-12
                   91.44,              -6.5071e-12
                   91.48,              -6.2057e-13
                   91.52,              -6.9326e-12
                   91.56,              -5.6738e-12
                   91.60,              -1.0124e-11
                   91.64,              -1.1649e-11
                   91.68,              -2.5887e-12
                   91.72,              -3.9894e-12
                   91.76,              -4.5567e-12
                   91.80,              -1.3298e-12
                   91.84,              -3.1560e-12
                   91.88,              -4.7872e-13
                   91.92,               5.9220e-12
                   91.96,               6.5603e-13
                   92.00,               4.6454e-12
                   92.04,               1.9326e-12
                   92.08,              -3.1560e-12
                   92.12,               7.9787e-13
                   92.16,               1.6489e-12
                   92.20,              -2.3050e-12
                   92.24,              -1.4539e-12
                   92.28,              -2.5887e-12
                   92.32,              -3.9894e-12
                   92.36,               3.2270e-12
                   92.40,              -1.8794e-12
                   92.44,              -3.9894e-12
                   92.48,              -1.3298e-12
                   92.52,              -4.8404e-12
                   92.56,              -5.2482e-12
                   92.60,               9.3972e-13
                   92.64,              -6.2234e-12
                   92.68,              -4.1312e-12
                   92.72,              -3.5816e-12
                   92.76,              -3.0142e-12
                   92.80,              -3.1560e-12
                   92.84,              -1.3121e-12
                   92.88,              -5.5319e-12
                   92.92,              -2.3050e-12
                   92.96,              -4.6986e-12
                   93.00,              -1.0833e-11
                   93.04,              -3.2801e-12
                   93.08,               1.2411e-12
                   93.12,              -1.7553e-12
                   93.16,              -1.9504e-13
                   93.20,              -3.7234e-12
                   93.24,              -6.6489e-12
                   93.28,               8.8652e-14
                   93.32,              -5.1064e-12
                   93.36,              -5.1241e-12
                   93.40,              -2.1631e-12
                   93.44,              -7.0745e-12
                   93.48,              -4.5390e-12
                   93.52,              -1.3121e-12
                   93.56,              -9.0248e-12
                   93.60,              -3.8475e-12
                   93.64,              -4.2730e-12
                   93.68,              -1.0833e-11
                   93.72,              -5.2482e-12
                   93.76,              -3.5638e-12
                   93.80,              -5.8156e-12
                   93.84,              -3.2979e-12
                   93.88,              -3.7057e-12
                   93.92,              -4.4149e-12
                   93.96,               1.0816e-12
                   94.00,              -2.4468e-12
                   94.04,              -4.6099e-13
                   94.08,              -1.7376e-12
                   94.12,              -8.5993e-12
                   94.16,              -9.1489e-12
                   94.20,              -2.1631e-12
                   94.24,              -9.8582e-12
                   94.28,              -5.8156e-12
                   94.32,              -6.2411e-12
                   94.36,              -9.5745e-12
                   94.40,              -4.5567e-12
                   94.44,              -4.5390e-12
                   94.48,              -5.5319e-12
                   94.52,              -3.3688e-13
                   94.56,               1.9326e-12
                   94.60,              -1.3298e-12
                   94.64,               5.0709e-12
                   94.68,              -3.3688e-13
                   94.72,              -1.3298e-12
                   94.76,              -3.0142e-12
                   94.80,              -4.1312e-12
                   94.84,              -2.3050e-12
                   94.88,               1.6489e-12
                   94.92,              -5.9574e-12
                   94.96,              -2.1809e-12
                   95.00,              -1.0461e-12
                   95.04,              -4.1312e-12
                   95.08,               1.5248e-12
                   95.12,               1.5248e-12
                   95.16,               2.0922e-12
                   95.20,               5.7801e-12
                   95.24,               1.7908e-12
                   95.28,              -1.7376e-12
                   95.32,               4.0780e-12
                   95.36,              -4.6099e-13
                   95.40,               3.6525e-12
                   95.44,               5.2128e-12
                   95.48,               4.0780e-12
                   95.52,               5.1418e-13
                   95.56,               5.7801e-12
                   95.60,              -6.2057e-13
                   95.64,               1.2234e-12
                   95.68,              -1.1702e-12
                   95.72,              -4.6986e-12
                   95.76,              -3.5461e-14
                   95.80,              -6.2057e-13
                   95.84,              -1.6135e-12
                   95.88,              -3.2979e-12
                   95.92,              -5.2482e-12
                   95.96,              -1.0957e-11
                   96.00,              -2.1631e-12
                   96.04,              -7.1986e-12
                   96.08,              -6.0816e-12
                   96.12,              -5.5319e-12
                   96.16,              -6.5071e-12
                   96.20,              -6.2234e-12
                   96.24,               3.6348e-12
                   96.28,              -3.7057e-12
                   96.32,              -1.0284e-12
                   96.36,              -1.3298e-12
                   96.40,              -6.5071e-12
                   96.44,              -2.7128e-12
                   96.48,              -1.7730e-13
                   96.52,              -5.1064e-12
                   96.56,              -4.4149e-12
                   96.60,              -2.3050e-12
                   96.64,              -6.2234e-12
                   96.68,              -2.8723e-12
                   96.72,              -8.4574e-12
                   96.76,              -7.4823e-12
                   96.80,              -5.3901e-12
                   96.84,              -8.8830e-12
                   96.88,              -8.5993e-12
                   96.92,              -1.1879e-12
                   96.96,              -5.5319e-12
                   97.00,              -2.5887e-12
                   97.04,              -3.5816e-12
                   97.08,              -6.9326e-12
                   97.12,              -4.4149e-12
                   97.16,              -2.0213e-12
                   97.20,              -4.2730e-12
                   97.24,               7.9787e-13
                   97.28,              -2.1631e-12
                   97.32,              -7.3582e-12
                   97.36,              -3.0142e-12
                   97.40,              -4.4149e-12
                   97.44,               5.1418e-13
                   97.48,               1.3652e-12
                   97.52,              -2.3050e-12
                   97.56,              -3.5638e-12
                   97.60,               3.3688e-12
                   97.64,              -3.9894e-12
                   97.68,              -3.2979e-12
                   97.72,              -3.5638e-12
                   97.76,              -5.9574e-12
                   97.80,              -3.4220e-12
                   97.84,              -1.1702e-12
                   97.88,              -3.9894e-12
                   97.92,              -1.3298e-12
                   97.96,              -1.3298e-12
                   98.00,              -6.7908e-12
                   98.04,              -1.0461e-12
                   98.08,              -3.1383e-12
                   98.12,              -6.7908e-12
                   98.16,              -5.3901e-12
                   98.20,              -5.8156e-12
                   98.24,              -2.8546e-12
                   98.28,               6.0638e-12
                   98.32,               3.7234e-13
                   98.36,               3.2092e-12
                   98.40,               5.2128e-12
                   98.44,              -4.7872e-13
                   98.48,               2.2163e-12
                   98.52,               5.6383e-12
                   98.56,               6.5603e-13
                   98.60,               4.3617e-12
                   98.64,               3.2092e-12
                   98.68,              -3.4397e-12
                   98.72,               6.5603e-13
                   98.76,              -3.3688e-13
                   98.80,              -1.8794e-12
                   98.84,              -1.1879e-12
                   98.88,              -3.8475e-12
                   98.92,              -3.9894e-12
                   98.96,               4.2199e-12
                   99.00,               1.2234e-12
                   99.04,               4.5035e-12
                   99.08,               5.9220e-12
                   99.12,               1.9326e-12
                   99.16,               2.5000e-12
                   99.20,               6.3475e-12
                   99.24,               3.6525e-12
                   99.28,               3.7766e-12
                   99.32,               2.3050e-13
                   99.36,              -5.1064e-12
                   99.40,              -2.5887e-12
                   99.44,              -7.6241e-13
                   99.48,              -1.8794e-12
                   99.52,              -1.9504e-13
                   99.56,              -5.1064e-12
                   99.60,              -6.2411e-12
                   99.64,               6.5603e-13
                   99.68,              -3.0142e-12
                   99.72,              -3.8475e-12
                   99.76,              -6.2411e-12
                   99.80,              -9.9823e-12
                   99.84,              -9.5567e-12
                   99.88,              -3.2979e-12
                   99.92,              -7.6241e-12
                   99.96,              -1.6135e-12
                  100.00,               2.3050e-13
                  100.04,              -5.3191e-14
                  100.08,               3.6525e-12
                  100.12,               2.3759e-12
                  100.16,              -1.0461e-12
                  100.20,               2.5000e-12
                  100.24,              -1.8794e-12
                  100.28,              -4.6986e-12
                  100.32,               2.9255e-12
                  100.36,              -3.8475e-12
                  100.40,              -2.7305e-12
                  100.44,              -1.4716e-12
                  100.48,              -6.0993e-12
                  100.52,              -5.6738e-12
                  100.56,              -1.8794e-12
                  100.60,              -3.1383e-12
                  100.64,               2.3582e-12
                  100.68,              -1.1879e-12
                  100.72,              -3.0142e-12
                  100.76,               5.1418e-13
                  100.80,               3.9007e-13
                  100.84,              -3.4397e-12
                  100.88,               8.8652e-14
                  100.92,              -1.8794e-12
                  100.96,              -5.9574e-12
                  101.00,              -1.0284e-12
                  101.04,              -2.2872e-12
                  101.08,              -2.1631e-12
                  101.12,              -1.1879e-12
                  101.16,              -3.9894e-12
                  101.20,              -5.2482e-12
                  101.24,               4.2199e-12
                  101.28,              -2.5887e-12
                  101.32,              -1.9504e-13
                  101.36,              -3.8475e-12
                  101.40,              -1.0124e-11
                  101.44,              -7.7660e-12
                  101.48,              -4.4149e-12
                  101.52,              -5.1064e-12
                  101.56,              -2.8723e-12
                  101.60,              -3.2801e-12
                  101.64,              -6.3652e-12
                  101.68,               2.8014e-12
                  101.72,              -1.1702e-12
                  101.76,              -2.1631e-12
                  101.80,              -1.0461e-12
                  101.84,              -4.9645e-12
                  101.88,              -4.2730e-12
                  101.92,              -4.7872e-13
                  101.96,              -5.3901e-12
                  102.00,               1.7908e-12
                  102.04,               5.1418e-13
                  102.08,              -2.4468e-12
                  102.12,              -8.8652e-13
                  102.16,              -1.7730e-13
                  102.20,              -5.2482e-12
                  102.24,              -9.0426e-13
                  102.28,              -1.5957e-12
                  102.32,              -6.4362e-12
                  102.36,               8.1560e-13
                  102.40,              -2.1631e-12
                  102.44,              -7.6241e-13
                  102.48,              -1.5957e-12
                  102.52,              -5.3901e-12
                  102.56,              -5.3901e-12
                  102.60,               3.7234e-13
                  102.64,              -6.7908e-12
                  102.68,              -1.8972e-12
                  102.72,              -1.3298e-12
                  102.76,              -5.3901e-12
                  102.80,              -1.7376e-12
                  102.84,              -4.6099e-13
                  102.88,              -5.8156e-12
                  102.92,              -3.3688e-13
                  102.96,              -2.4468e-12
                  103.00,              -9.2908e-12
                  103.04,              -2.9965e-12
                  103.08,              -4.5567e-12
                  103.12,              -4.8404e-12
                  103.16,              -3.9894e-12
                  103.20,              -6.5071e-12
                  103.24,              -7.9078e-12
                  103.28,               2.3050e-13
                  103.32,              -3.7057e-12
                  103.36,               3.0674e-12
                  103.40,               2.3582e-12
                  103.44,              -1.3298e-12
                  103.48,               1.6489e-12
                  103.52,               3.2270e-12
                  103.56,              -3.4220e-12
                  103.60,               1.5071e-12
                  103.64,               6.5603e-13
                  103.68,              -5.8156e-12
                  103.72,               3.9007e-13
                  103.76,               2.9433e-12
                  103.80,               2.3050e-13
                  103.84,               7.9787e-13
                  103.88,              -2.5887e-12
                  103.92,              -9.8582e-12
                  103.96,              -2.7305e-12
                  104.00,              -7.3404e-12
                  104.04,              -5.1064e-12
                  104.08,              -7.3582e-12
                  104.12,              -9.8582e-12
                  104.16,              -7.7660e-12
                  104.20,              -1.0461e-12
                  104.24,              -5.3901e-12
                  104.28,              -4.4149e-12
                  104.32,              -3.9894e-12
                  104.36,              -3.7057e-12
                  104.40,              -3.5461e-14
                  104.44,               1.3652e-12
                  104.48,              -5.3191e-14
                  104.52,               1.0638e-13
                  104.56,              -3.5638e-12
                  104.60,              -6.6489e-12
                  104.64,              -1.0461e-12
                  104.68,              -4.2730e-12
                  104.72,              -3.2979e-12
                  104.76,              -3.5638e-12
                  104.80,              -8.0496e-12
                  104.84,              -8.7411e-12
                  104.88,              -2.7305e-12
                  104.92,              -6.7908e-12
                  104.96,              -2.4468e-12
                  105.00,              -3.1560e-12
                  105.04,              -6.6489e-12
                  105.08,              -1.3121e-12
                  105.12,               5.1418e-13
                  105.16,               6.5603e-13
                  105.20,               1.6489e-12
                  105.24,              -4.9645e-12
                  105.28,              -6.7908e-12
                  105.32,              -3.3688e-13
                  105.36,              -5.6738e-12
                  105.40,              -1.0461e-12
                  105.44,              -1.6135e-12
                  105.48,              -6.3652e-12
                  105.52,              -4.4149e-12
                  105.56,               5.1418e-13
                  105.60,              -4.8404e-12
                  105.64,              -1.4716e-12
                  105.68,              -2.3050e-12
                  105.72,              -9.1489e-12
                  105.76,              -1.5957e-12
                  105.80,              -1.7376e-12
                  105.84,              -4.1312e-12
                  105.88,              -2.7305e-12
                  105.92,              -2.8723e-12
                  105.96,              -3.2979e-12
                  106.00,               1.0816e-12
                  106.04,              -1.1879e-12
                  106.08,               1.7908e-12
                  106.12,               1.6489e-12
                  106.16,              -4.1312e-12
                  106.20,              -4.6986e-12
                  106.24,              -9.0426e-13
                  106.28,              -4.8404e-12
                  106.32,              -6.2057e-13
                  106.36,              -1.7553e-12
                  106.40,              -5.2482e-12
                  106.44,              -2.9965e-12
                  106.48,              -1.0284e-12
                  106.52,              -3.2801e-12
                  106.56,              -2.0213e-12
                  106.60,              -6.3652e-12
                  106.64,              -8.7411e-12
                  106.68,               1.0816e-12
                  106.72,              -1.1879e-12
                  106.76,              -2.5887e-12
                  106.80,              -3.4397e-12
                  106.84,              -4.8404e-12
                  106.88,              -3.5638e-12
                  106.92,              -4.7872e-13
                  106.96,              -5.3901e-12
                  107.00,              -1.0461e-12
                  107.04,               2.3582e-12
                  107.08,              -3.7057e-12
                  107.12,              -5.6738e-12
                  107.16,              -3.1560e-12
                  107.20,              -5.2482e-12
                  107.24,              -2.5887e-12
                  107.28,              -3.9894e-12
                  107.32,              -8.4574e-12
                  107.36,               1.0638e-13
                  107.40,              -8.8652e-13
                  107.44,               1.0816e-12
                  107.48,               1.5071e-12
                  107.52,              -1.5957e-12
                  107.56,              -3.1383e-12
                  107.60,               3.7766e-12
                  107.64,              -2.0213e-12
                  107.68,               2.9255e-12
                  107.72,               2.6418e-12
                  107.76,              -2.8723e-12
                  107.80,              -4.4326e-13
                  107.84,               4.7872e-12
                  107.88,              -1.9504e-13
                  107.92,               8.8652e-14
                  107.96,              -4.5567e-12
                  108.00,              -7.7660e-12
                  108.04,               2.4823e-13
                  108.08,               1.2234e-12
                  108.12,               2.2163e-12
                  108.16,               4.3617e-12
                  108.20,              -2.3050e-12
                  108.24,              -4.2730e-12
                  108.28,               2.7837e-12
                  108.32,              -1.9504e-13
                  108.36,               1.6489e-12
                  108.40,               1.3830e-12
                  108.44,              -5.6738e-12
                  108.48,              -8.8652e-13
                  108.52,               4.7872e-12
                  108.56,              -4.7872e-13
                  108.60,               4.5035e-12
                  108.64,               4.9291e-12
                  108.68,               5.1418e-13
                  108.72,               3.6525e-12
                  108.76,               1.7908e-12
                  108.80,               2.6773e-12
                  108.84,               7.3582e-12
                  108.88,               2.3050e-13
                  108.92,              -4.2730e-12
                  108.96,               4.0780e-12
                  109.00,              -3.5638e-12
                  109.04,              -1.6135e-12
                  109.08,              -1.0461e-12
                  109.12,              -2.7305e-12
                  109.16,              -4.7872e-13
                  109.20,               4.7872e-12
                  109.24,               1.5071e-12
                  109.28,               4.0780e-12
                  109.32,               6.5603e-13
                  109.36,              -4.2730e-12
                  109.40,              -1.7376e-12
                  109.44,              -1.1702e-12
                  109.48,              -3.8475e-12
                  109.52,               2.5000e-12
                  109.56,              -7.6241e-13
                  109.60,              -1.4539e-12
                  109.64,               7.7837e-12
                  109.68,               2.5000e-12
                  109.72,               2.5000e-12
                  109.76,               7.9787e-13
                  109.80,              -1.1879e-12
                  109.84,               8.1560e-13
                  109.88,               8.3688e-12
                  109.92,               1.6489e-12
                  109.96,               4.6454e-12
                  110.00,              -1.8794e-12
                  110.04,              -4.1312e-12
                  110.08,               9.5745e-13
                  110.12,               3.2270e-12
                  110.16,               1.6489e-12
                  110.20,               2.9255e-12
                  110.24,               1.0816e-12
                  110.28,              -2.3050e-12
                  110.32,               6.2234e-12
                  110.36,               2.0745e-12
                  110.40,               7.9787e-13
                  110.44,              -3.3688e-13
                  110.48,              -4.5567e-12
                  110.52,              -3.9894e-12
                  110.56,               3.4929e-12
                  110.60,              -2.4468e-12
                  110.64,               4.9291e-12
                  110.68,               2.3050e-13
                  110.72,              -3.1383e-12
                  110.76,               2.3759e-12
                  110.80,               2.8014e-12
                  110.84,              -2.9965e-12
                  110.88,               2.3050e-13
                  110.92,              -1.8794e-12
                  110.96,              -6.5071e-12
                  111.00,               8.8652e-14
                  111.04,               9.3972e-13
                  111.08,               3.0674e-12
                  111.12,               3.0674e-12
                  111.16,              -1.1879e-12
                  111.20,              -2.0213e-12
                  111.24,               4.6454e-12
                  111.28,              -4.5567e-12
                  111.32,              -5.3191e-14
                  111.36,              -2.3050e-12
                  111.40,              -8.0496e-12
                  111.44,              -2.5709e-12
                  111.48,               2.0745e-12
                  111.52,               1.6489e-12
                  111.56,               3.4929e-12
                  111.60,               6.5603e-13
                  111.64,              -3.7057e-12
                  111.68,               2.0922e-12
                  111.72,              -3.2801e-12
                  111.76,               3.7234e-13
                  111.80,              -1.1879e-12
                  111.84,              -3.8475e-12
                  111.88,              -1.7376e-12
                  111.92,               4.6454e-12
                  111.96,              -2.1631e-12
                  112.00,               1.2234e-12
                  112.04,               3.0674e-12
                  112.08,              -3.0142e-12
                  112.12,               6.5603e-13
                  112.16,               1.0993e-12
                  112.20,              -3.1560e-12
                  112.24,              -1.3298e-12
                  112.28,              -4.1312e-12
                  112.32,              -6.9326e-12
                  112.36,               6.5603e-13
                  112.40,              -2.4468e-12
                  112.44,              -7.6241e-13
                  112.48,              -2.1631e-12
                  112.52,              -6.3652e-12
                  112.56,              -8.0319e-12
                  112.60,               5.1418e-13
                  112.64,              -5.6738e-12
                  112.68,              -2.1631e-12
                  112.72,              -2.5887e-12
                  112.76,              -6.6489e-12
                  112.80,              -1.7730e-13
                  112.84,               2.7837e-12
                  112.88,              -1.0461e-12
                  112.92,               1.5071e-12
                  112.96,              -1.1702e-12
                  113.00,              -5.9574e-12
                  113.04,              -4.7872e-13
                  113.08,              -1.8794e-12
                  113.12,              -1.4539e-12
                  113.16,               1.9326e-12
                  113.20,              -2.0213e-12
                  113.24,              -6.0993e-12
                  113.28,              -1.8794e-12
                  113.32,              -7.2163e-12
                  113.36,              -2.4468e-12
                  113.40,              -1.7553e-12
                  113.44,              -5.6738e-12
                  113.48,              -6.0284e-13
                  113.52,               2.0922e-12
                  113.56,              -2.5887e-12
                  113.60,               2.5000e-12
                  113.64,              -1.1879e-12
                  113.68,              -2.7305e-12
                  113.72,               3.5106e-12
                  113.76,               2.5000e-12
                  113.80,               3.3688e-12
                  113.84,               4.9291e-12
                  113.88,               2.6418e-12
                  113.92,              -2.0213e-12
                  113.96,               3.2092e-12
                  114.00,              -3.7057e-12
                  114.04,              -2.0213e-12
                  114.08,              -2.4468e-12
                  114.12,              -8.4574e-12
                  114.16,              -6.2234e-12
                  114.20,              -7.4468e-13
                  114.24,              -4.9645e-12
                  114.28,              -2.4468e-12
                  114.32,              -4.6986e-12
                  114.36,              -7.5000e-12
                  114.40,              -1.1702e-12
                  114.44,              -3.0142e-12
                  114.48,              -3.2979e-12
                  114.52,              -4.7872e-13
                  114.56,              -3.1560e-12
                  114.60,              -3.1560e-12
                  114.64,               1.7908e-12
                  114.68,              -8.8652e-13
                  114.72,              -1.3298e-12
                  114.76,              -3.7057e-12
                  114.80,              -6.3652e-12
                  114.84,              -3.7057e-12
                  114.88,               2.7837e-12
                  114.92,               8.8652e-14
                  114.96,               6.5603e-13
                  115.00,              -5.1064e-12
                  115.04,              -8.1915e-12
                  115.08,              -2.3050e-12
                  115.12,              -1.8794e-12
                  115.16,              -3.3688e-13
                  115.20,              -4.7872e-13
                  115.24,              -5.6738e-12
                  115.28,              -9.4326e-12
                  115.32,               2.3050e-13
                  115.36,              -2.3050e-12
                  115.40,              -2.0213e-12
                  115.44,               7.9787e-13
                  115.48,               2.3050e-13
                  115.52,               2.0745e-12
                  115.56,               6.2057e-12
                  115.60,               2.3050e-13
                  115.64,               1.3652e-12
                  115.68,              -4.1312e-12
                  115.72,              -5.9574e-12
                  115.76,              -4.6099e-13
                  115.80,              -8.8652e-13
                  115.84,              -1.0284e-12
                  115.88,              -6.2057e-13
                  115.92,              -5.7979e-12
                  115.96,              -1.0266e-11
                  116.00,              -1.8794e-12
                  116.04,              -8.3156e-12
                  116.08,              -5.6028e-12
                  116.12,              -1.7553e-12
                  116.16,              -1.1879e-12
                  116.20,              -2.5887e-12
                  116.24,              -1.3121e-12
                  116.28,              -7.3582e-12
                  116.32,              -4.5567e-12
                  116.36,              -4.4149e-12
                  116.40,              -7.0745e-12
                  116.44,              -3.1915e-13
                  116.48,              -3.1915e-13
                  116.52,              -4.2730e-12
                  116.56,              -2.8723e-12
                  116.60,              -7.4823e-12
                  116.64,              -5.1064e-12
                  116.68,               6.5603e-13
                  116.72,              -9.0426e-13
                  116.76,               2.2872e-12
                  116.80,               1.5248e-12
                  116.84,              -4.9823e-12
                  116.88,              -2.3050e-12
                  116.92,               3.7943e-12
                  116.96,              -3.9894e-12
                  117.00,               1.6489e-12
                  117.04,               2.6418e-12
                  117.08,              -7.6241e-13
                  117.12,              -3.5461e-14
                  117.16,               6.5603e-13
                  117.20,              -1.1879e-12
                  117.24,               1.7908e-12
                  117.28,               1.2234e-12
                  117.32,               5.1418e-13
                  117.36,               6.7199e-12
                  117.40,               3.9362e-12
                  117.44,               1.0816e-12
                  117.48,              -7.4468e-13
                  117.52,              -4.2730e-12
                  117.56,              -6.0816e-12
                  117.60,              -6.2057e-13
                  117.64,              -6.3652e-12
                  117.68,              -3.4397e-12
                  117.72,              -3.2979e-12
                  117.76,              -5.9574e-12
                  117.80,              -6.0284e-13
                  117.84,               1.6667e-12
                  117.88,              -2.3050e-12
                  117.92,               8.8652e-14
                  117.96,              -3.0142e-12
                  118.00,              -5.9574e-12
                  118.04,               3.5106e-12
                  118.08,               2.0745e-12
                  118.12,               1.9504e-12
                  118.16,               1.0816e-12
                  118.20,              -2.3050e-12
                  118.24,              -2.4468e-12
                  118.28,               6.2234e-12
                  118.32,               9.3972e-13
                  118.36,               4.9291e-12
                  118.40,               3.9362e-12
                  118.44,               2.2163e-12
                  118.48,               3.8121e-12
                  118.52,               8.2979e-12
                  118.56,              -6.2057e-13
                  118.60,               1.2234e-12
                  118.64,               3.7234e-13
                  118.68,              -2.1631e-12
                  118.72,               5.9397e-12
                  118.76,              -6.0284e-13
                  118.80,              -4.7872e-13
                  118.84,               1.3652e-12
                  118.88,              -1.9504e-13
                  118.92,              -1.0461e-12
                  118.96,               4.9291e-12
                  119.00,              -1.0461e-12
                  119.04,               3.3511e-12
                  119.08,               4.2199e-12
                  119.12,               6.5603e-13
                  119.16,              -5.3191e-14
                  119.20,              -1.7376e-12
                  119.24,              -6.5071e-12
                  119.28,              -1.7376e-12
                  119.32,              -5.3901e-12
                  119.36,              -6.2411e-12
                  119.40,               3.3688e-12
                  119.44,               2.9255e-12
                  119.48,               1.6489e-12
                  119.52,               1.6489e-12
                  119.56,              -1.3121e-12
                  119.60,              -1.1879e-12
                  119.64,               5.6383e-12
                  119.68,              -7.6241e-13
                  119.72,               1.5071e-12
                  119.76,               2.0745e-12
                  119.80,              -3.4220e-12
                  119.84,              -1.5957e-12
                  119.88,               4.7872e-12
                  119.92,               2.3050e-13
                  119.96,               4.9291e-12
                  120.00,               2.6418e-12
                  120.04,              -2.1631e-12
                  120.08,               2.6596e-12
                  120.12,               3.5106e-12
                  120.16,               1.5071e-12
                  120.20,               1.0816e-12
                  120.24,              -2.1631e-12
                  120.28,              -3.2801e-12
                  120.32,               4.9291e-12
                  120.36,              -1.4716e-12
                  120.40,              -1.9504e-13
                  120.44,              -1.0461e-12
                  120.48,              -4.2730e-12
                  120.52,              -1.8794e-12
                  120.56,               4.5035e-12
                  120.60,              -2.0390e-12
                  120.64,              -5.3191e-14
                  120.68,              -1.9504e-13
                  120.72,              -4.1312e-12
                  120.76,              -3.1915e-13
                  120.80,               1.0993e-12
                  120.84,              -1.1879e-12
                  120.88,              -1.1879e-12
                  120.92,              -2.3050e-12
                  120.96,              -5.6738e-12
                  121.00,               4.2199e-12
                  121.04,              -1.7553e-12
                  121.08,              -1.8794e-12
                  121.12,              -1.0461e-12
                  121.16,              -6.7908e-12
                  121.20,              -4.9645e-12
                  121.24,               2.2163e-12
                  121.28,              -3.2979e-12
                  121.32,               2.3050e-13
                  121.36,              -1.6135e-12
                  121.40,              -6.7908e-12
                  121.44,              -2.0213e-12
                  121.48,              -1.1702e-12
                  121.52,              -2.7305e-12
                  121.56,               8.8652e-14
                  121.60,              -2.4468e-12
                  121.64,              -6.5071e-12
                  121.68,               3.7234e-13
                  121.72,              -1.4716e-12
                  121.76,              -6.2057e-13
                  121.80,              -1.9504e-13
                  121.84,              -5.6738e-12
                  121.88,              -5.8156e-12
                  121.92,               8.8652e-14
                  121.96,              -4.8404e-12
                  122.00,              -1.7553e-12
                  122.04,              -2.7305e-12
                  122.08,              -6.5071e-12
                  122.12,               3.7234e-13
                  122.16,               8.8652e-14
                  122.20,              -2.7305e-12
                  122.24,              -3.1560e-12
                  122.28,              -6.0993e-12
                  122.32,              -8.4574e-12
                  122.36,               2.3582e-12
                  122.40,              -2.3050e-12
                  122.44,              -2.8723e-12
                  122.48,               1.3652e-12
                  122.52,              -2.0213e-12
                  122.56,              -2.7305e-12
                  122.60,               1.9326e-12
                  122.64,              -1.7376e-12
                  122.68,               1.3652e-12
                  122.72,               2.3050e-13
                  122.76,              -5.1064e-12
                  122.80,               1.0638e-13
                  122.84,               1.3652e-12
                  122.88,              -2.7305e-12
                  122.92,              -9.0426e-13
                  122.96,              -3.7057e-12
                  123.00,              -4.8404e-12
                  123.04,               4.3617e-12
                  123.08,               9.3972e-13
                  123.12,               2.3050e-13
                  123.16,               1.2234e-12
                  123.20,              -2.0213e-12
                  123.24,              -1.8794e-12
                  123.28,               7.9787e-13
                  123.32,              -5.8156e-12
                  123.36,              -2.1631e-12
                  123.40,              -3.0142e-12
                  123.44,              -7.0745e-12
                  123.48,              -2.8723e-12
                  123.52,               1.2234e-12
                  123.56,              -5.2482e-12
                  123.60,              -9.0426e-13
                  123.64,              -4.8404e-12
                  123.68,              -9.8582e-12
                  123.72,              -2.9965e-12
                  123.76,              -3.0142e-12
                  123.80,               1.6667e-12
                  123.84,               5.7801e-12
                  123.88,              -9.0426e-13
                  123.92,              -3.1383e-12
                  123.96,               4.6454e-12
                  124.00,               1.2234e-12
                  124.04,               9.9645e-12
                  124.08,               1.3138e-11
                  124.12,               1.1472e-11
                  124.16,               1.5390e-11
                  124.20,               1.7943e-11
                  124.24,               1.4734e-11
                  124.28,               1.8528e-11
                  124.32,               1.7589e-11
                  124.36,               9.0780e-12
                  124.40,               1.0603e-11
                  124.44,               5.3546e-12
                  124.48,               1.3652e-12
                  124.52,               3.6348e-12
                  124.56,               3.2092e-12
                  124.60,               9.3972e-13
                  124.64,               8.6525e-12
                  124.68,               3.0674e-12
                  124.72,               4.5035e-12
                  124.76,               5.6383e-12
                  124.80,               1.6489e-12
                  124.84,              -1.5957e-12
                  124.88,              -2.0213e-12
                  124.92,              -6.7908e-12
                  124.96,              -4.2730e-12
                  125.00,              -3.1560e-12
                  125.04,              -8.1738e-12
                  125.08,              -4.9645e-12
                  125.12,              -3.8475e-12
                  125.16,              -6.0993e-12
                  125.20,              -5.3901e-12
                  125.24,              -4.5567e-12
                  125.28,              -6.7908e-12
                  125.32,               3.7234e-13
                  125.36,              -3.0142e-12
                  125.40,              -5.3191e-14
                  125.44,               1.3652e-12
                  125.48,              -3.0142e-12
                  125.52,              -4.4149e-12
                  125.56,               3.9362e-12
                  125.60,              -1.1879e-12
                  125.64,               4.9291e-12
                  125.68,               5.6383e-12
                  125.72,               8.8652e-14
                  125.76,               4.0780e-12
                  125.80,               3.9362e-12
                  125.84,               1.0816e-12
                  125.88,               3.2092e-12
                  125.92,               1.3652e-12
                  125.96,               1.9326e-12
                  126.00,               1.1259e-11
                  126.04,               1.1755e-11
                  126.08,               1.7447e-11
                  126.12,               2.2216e-11
                  126.16,               2.0071e-11
                  126.20,               2.0018e-11
                  126.24,               2.7713e-11
                  126.28,               2.0745e-11
                  126.32,               2.1188e-11
                  126.36,               1.9131e-11
                  126.40,               1.3493e-11
                  126.44,               1.6791e-11
                  126.48,               1.9273e-11
                  126.52,               1.6631e-11
                  126.56,               1.7216e-11
                  126.60,               1.5603e-11
                  126.64,               1.7216e-11
                  126.68,               2.6064e-11
                  126.72,               2.2216e-11
                  126.76,               2.4876e-11
                  126.80,               2.6206e-11
                  126.84,               2.4734e-11
                  126.88,               2.8901e-11
                  126.92,               3.8546e-11
                  126.96,               3.9167e-11
                  127.00,               4.8209e-11
                  127.04,               5.3652e-11
                  127.08,               5.3333e-11
                  127.12,               6.2943e-11
                  127.16,               6.7447e-11
                  127.20,               6.8989e-11
                  127.24,               7.9309e-11
                  127.28,               8.2713e-11
                  127.32,               8.5514e-11
                  127.36,               1.0113e-10
                  127.40,               1.0305e-10
                  127.44,               1.0711e-10
                  127.48,               1.1142e-10
                  127.52,               1.0821e-10
                  127.56,               1.1007e-10
                  127.60,               1.1913e-10
                  127.64,               1.1280e-10
                  127.68,               1.1450e-10
                  127.72,               1.1535e-10
                  127.76,               1.1330e-10
                  127.80,               1.2296e-10
                  127.84,               1.3374e-10
                  127.88,               1.3374e-10
                  127.92,               1.4668e-10
                  127.96,               1.6805e-10
                  128.00,               1.9340e-10
                  128.04,               2.5771e-10
                  128.08,               3.2535e-10
                  128.12,               3.7165e-10
                  128.16,               3.9259e-10
                  128.20,               3.9282e-10
                  128.24,               3.9785e-10
                  128.28,               4.1624e-10
                  128.32,               3.9832e-10
                  128.36,               3.6257e-10
                  128.40,               3.0704e-10
                  128.44,               2.5277e-10
                  128.48,               2.2232e-10
                  128.52,               2.0248e-10
                  128.56,               1.8413e-10
                  128.60,               1.7984e-10
                  128.64,               1.7353e-10
                  128.68,               1.7142e-10
                  128.72,               1.9051e-10
                  128.76,               2.0723e-10
                  128.80,               2.3493e-10
                  128.84,               2.7862e-10
                  128.88,               3.4991e-10
                  128.92,               5.0147e-10
                  128.96,               8.3002e-10
                  129.00,               1.4190e-09
                  129.04,               2.6445e-09
                  129.08,               4.1305e-09
                  129.12,               4.5310e-09
                  129.16,               4.3051e-09
                  129.20,               4.1476e-09
                  129.24,               4.3451e-09
                  129.28,               4.3710e-09
                  129.32,               3.7940e-09
                  129.36,               2.6466e-09
                  129.40,               1.6513e-09
                  129.44,               1.0439e-09
                  129.48,               7.0715e-10
                  129.52,               5.0303e-10
                  129.56,               3.6482e-10
                  129.60,               2.7598e-10
                  129.64,               2.3156e-10
                  129.68,               1.9206e-10
                  129.72,               1.7390e-10
                  129.76,               1.6145e-10
                  129.80,               1.4560e-10
                  129.84,               1.4613e-10
                  129.88,               1.5801e-10
                  129.92,               1.7119e-10
                  129.96,               2.1000e-10
                  130.00,               2.6699e-10
                  130.04,               3.6410e-10
                  130.08,               5.0044e-10
                  130.12,               5.9762e-10
                  130.16,               6.4016e-10
                  130.20,               6.5902e-10
                  130.24,               6.9011e-10
                  130.28,               7.0881e-10
                  130.32,               7.0711e-10
                  130.36,               6.1642e-10
                  130.40,               5.0101e-10
                  130.44,               4.0952e-10
                  130.48,               3.3539e-10
                  130.52,               2.8722e-10
                  130.56,               2.5791e-10
                  130.60,               2.2895e-10
                  130.64,               2.1512e-10
                  130.68,               2.0817e-10
                  130.72,               2.0693e-10
                  130.76,               2.2078e-10
                  130.80,               2.3566e-10
                  130.84,               2.5488e-10
                  130.88,               3.0094e-10
                  130.92,               3.9057e-10
                  130.96,               5.5537e-10
                  131.00,               8.7924e-10
                  131.04,               1.5774e-09
                  131.08,               2.4670e-09
                  131.12,               2.9703e-09
                  131.16,               2.9986e-09
                  131.20,               2.9103e-09
                  131.24,               3.1579e-09
                  131.28,               3.1670e-09
                  131.32,               2.8478e-09
                  131.36,               2.0749e-09
                  131.40,               1.3096e-09
                  131.44,               8.5229e-10
                  131.48,               5.9493e-10
                  131.52,               4.2954e-10
                  131.56,               3.2466e-10
                  131.60,               2.5355e-10
                  131.64,               2.0995e-10
                  131.68,               1.9693e-10
                  131.72,               1.8489e-10
                  131.76,               1.8321e-10
                  131.80,               1.9239e-10
                  131.84,               2.0647e-10
                  131.88,               2.5144e-10
                  131.92,               3.6598e-10
                  131.96,               5.5468e-10
                  132.00,               9.5927e-10
                  132.04,               1.9239e-09
                  132.08,               2.9082e-09
                  132.12,               3.5211e-09
                  132.16,               3.6633e-09
                  132.20,               3.5845e-09
                  132.24,               3.7921e-09
                  132.28,               3.6805e-09
                  132.32,               3.1020e-09
                  132.36,               2.1599e-09
                  132.40,               1.3276e-09
                  132.44,               8.4374e-10
                  132.48,               5.7119e-10
                  132.52,               3.9099e-10
                  132.56,               2.7621e-10
                  132.60,               2.1138e-10
                  132.64,               1.6151e-10
                  132.68,               1.3658e-10
                  132.72,               1.1128e-10
                  132.76,               9.2039e-11
                  132.80,               8.1330e-11
                  132.84,               7.7358e-11
                  132.88,               6.3883e-11
                  132.92,               5.7411e-11
                  132.96,               5.0532e-11
                  133.00,               4.2358e-11
                  133.04,               4.5284e-11
                  133.08,               4.3209e-11
                  133.12,               3.9149e-11
                  133.16,               3.6578e-11
                  133.20,               3.1738e-11
                  133.24,               2.9645e-11
                  133.28,               3.8936e-11
                  133.32,               3.4610e-11
                  133.36,               3.7713e-11
                  133.40,               3.2784e-11
                  133.44,               2.8901e-11
                  133.48,               3.3191e-11
                  133.52,               3.5301e-11
                  133.56,               3.2199e-11
                  133.60,               3.7021e-11
                  133.64,               3.7553e-11
                  133.68,               3.3245e-11
                  133.72,               4.2074e-11
                  133.76,               4.8670e-11
                  133.80,               5.3032e-11
                  133.84,               6.2766e-11
                  133.88,               7.8670e-11
                  133.92,               1.0652e-10
                  133.96,               1.7218e-10
                  134.00,               2.7168e-10
                  134.04,               4.8027e-10
                  134.08,               7.1899e-10
                  134.12,               9.5661e-10
                  134.16,               1.1348e-09
                  134.20,               1.2277e-09
                  134.24,               1.2895e-09
                  134.28,               1.2993e-09
                  134.32,               1.1513e-09
                  134.36,               8.7271e-10
                  134.40,               6.1750e-10
                  134.44,               4.3174e-10
                  134.48,               3.0828e-10
                  134.52,               2.2605e-10
                  134.56,               1.6378e-10
                  134.60,               1.2057e-10
                  134.64,               9.9965e-11
                  134.68,               7.8333e-11
                  134.72,               6.9539e-11
                  134.76,               5.8032e-11
                  134.80,               4.6064e-11
                  134.84,               4.0071e-11
                  134.88,               3.9326e-11
                  134.92,               2.6950e-11
                  134.96,               2.7855e-11
                  135.00,               2.6064e-11
                  135.04,               1.8387e-11
                  135.08,               2.3848e-11
                  135.12,               2.5035e-11
                  135.16,               2.4131e-11
                  135.20,               2.6365e-11
                  135.24,               2.6365e-11
                  135.28,               2.5762e-11
                  135.32,               3.4681e-11
                  135.36,               3.3014e-11
                  135.40,               3.5372e-11
                  135.44,               3.5355e-11
                  135.48,               2.9202e-11
                  135.52,               2.9645e-11
                  135.56,               3.2199e-11
                  135.60,               2.6507e-11
                  135.64,               2.9947e-11
                  135.68,               2.9344e-11
                  135.72,               2.5904e-11
                  135.76,               3.6064e-11
                  135.80,               3.9238e-11
                  135.84,               4.2606e-11
                  135.88,               5.3493e-11
                  135.92,               6.9965e-11
                  135.96,               9.9734e-11
                  136.00,               1.7879e-10
                  136.04,               3.0980e-10
                  136.08,               4.7498e-10
                  136.12,               6.4371e-10
                  136.16,               7.8777e-10
                  136.20,               8.6527e-10
                  136.24,               9.5447e-10
                  136.28,               9.7601e-10
                  136.32,               9.1567e-10
                  136.36,               7.2546e-10
                  136.40,               5.1436e-10
                  136.44,               3.6668e-10
                  136.48,               2.5351e-10
                  136.52,               1.7812e-10
                  136.56,               1.3129e-10
                  136.60,               9.3014e-11
                  136.64,               6.5798e-11
                  136.68,               5.5213e-11
                  136.72,               3.9787e-11
                  136.76,               3.0248e-11
                  136.80,               2.3404e-11
                  136.84,               1.2571e-11
                  136.88,               5.7801e-12
                  136.92,               1.2270e-11
                  136.96,               6.7908e-12
                  137.00,               1.0461e-11
                  137.04,               9.8759e-12
                  137.08,               5.9220e-12
                  137.12,               1.2713e-11
                  137.16,               1.2270e-11
                  137.20,               6.5071e-12
                  137.24,               8.1560e-12
                  137.28,               5.9397e-12
                  137.32,               8.8652e-14
                  137.36,               7.5887e-12
                  137.40,               4.9291e-12
                  137.44,               3.6525e-12
                  137.48,               4.0780e-12
                  137.52,               2.5177e-12
                  137.56,              -1.5957e-12
                  137.60,               6.4894e-12
                  137.64,               1.5071e-12
                  137.68,               5.4965e-12
                  137.72,               7.7837e-12
                  137.76,               3.7943e-12
                  137.80,               5.2128e-12
                  137.84,               8.0142e-12
                  137.88,               2.2163e-12
                  137.92,               5.1418e-12
                  137.96,               2.7837e-12
                  138.00,              -3.3688e-13
                  138.04,               5.5142e-12
                  138.08,               5.2128e-12
                  138.12,               5.9220e-12
                  138.16,               6.7908e-12
                  138.20,               3.3511e-12
                  138.24,               1.3652e-12
                  138.28,               5.3546e-12
                  138.32,              -3.1560e-12
                  138.36,              -7.6241e-13
                  138.40,              -5.3191e-14
                  138.44,              -5.2482e-12
                  138.48,              -8.8652e-13
                  138.52,               5.6383e-12
                  138.56,               1.7908e-12
                  138.60,               6.6489e-12
                  138.64,               4.3617e-12
                  138.68,              -2.4468e-12
                  138.72,               4.6454e-12
                  138.76,               9.3972e-13
                  138.80,              -2.3050e-12
                  138.84,               6.5603e-13
                  138.88,              -1.0284e-12
                  138.92,              -4.6986e-12
                  138.96,               9.3972e-13
                  139.00,              -4.7872e-13
                  139.04,               2.7837e-12
                  139.08,               3.3511e-12
                  139.12,               8.8652e-14
                  139.16,              -3.1915e-13
                  139.20,               6.9326e-12
                  139.24,               2.3582e-12
                  139.28,               2.7837e-12
                  139.32,               3.7234e-13
                  139.36,              -5.6738e-12
                  139.40,               1.0638e-13
                  139.44,              -8.8652e-13
                  139.48,              -3.1560e-12
                  139.52,              -2.7305e-12
                  139.56,              -8.4574e-12
                  139.60,              -6.6489e-12
                  139.64,               3.2092e-12
                  139.68,              -1.5957e-12
                  139.72,              -5.3191e-14
                  139.76,               1.2234e-12
                  139.80,              -2.7305e-12
                  139.84,              -1.7730e-13
                  139.88,               3.0851e-12
                  139.92,              -2.5887e-12
                  139.96,               1.2234e-12
                  140.00,              -1.4716e-12
                  140.04,              -5.5319e-12
                  140.08,               6.7376e-13
                  140.12,              -3.1915e-13
                  140.16,              -7.6241e-13
                  140.20,              -1.8794e-12
                  140.24,              -4.8404e-12
                  140.28,              -8.7411e-12
                  140.32,              -6.2057e-13
                  140.36,              -4.2730e-12
                  140.40,               6.5603e-13
                  140.44,              -4.7872e-13
                  140.48,              -3.2801e-12
                  140.52,              -2.1631e-12
                  140.56,               4.9291e-12
                  140.60,              -1.9504e-13
                  140.64,               5.6383e-12
                  140.68,               3.7943e-12
                  140.72,               2.3050e-13
                  140.76,               3.2270e-12
                  140.80,               2.3582e-12
                  140.84,               3.6348e-12
                  140.88,               3.3511e-12
                  140.92,               6.5603e-13
                  140.96,              -1.3298e-12
                  141.00,               5.0709e-12
                  141.04,               8.8652e-14
                  141.08,               9.3972e-13
                  141.12,               3.6348e-12
                  141.16,               3.7234e-13
                  141.20,               1.0816e-12
                  141.24,               4.6454e-12
                  141.28,               1.3652e-12
                  141.32,               5.9929e-12
                  141.36,               3.4929e-12
                  141.40,              -1.3121e-12
                  141.44,               2.3759e-12
                  141.48,               5.3191e-13
                  141.52,              -9.0426e-13
                  141.56,               4.2199e-12
                  141.60,               5.0709e-12
                  141.64,              -1.7553e-12
                  141.68,               5.6383e-12
                  141.72,               3.4929e-12
                  141.76,               3.3511e-12
                  141.80,               3.9362e-12
                  141.84,              -4.7872e-13
                  141.88,              -2.1631e-12
                  141.92,               2.3582e-12
                  141.96,              -5.6738e-12
                  142.00,               2.6418e-12
                  142.04,               3.7234e-13
                  142.08,              -5.6738e-12
                  142.12,              -8.8652e-13
                  142.16,               4.3617e-12
                  142.20,               1.3652e-12
                  142.24,               1.3652e-12
                  142.28,              -1.0461e-12
                  142.32,              -3.7057e-12
                  142.36,               4.9291e-12
                  142.40,               3.3511e-12
                  142.44,               6.2057e-12
                  142.48,               5.6383e-12
                  142.52,               3.7234e-13
                  142.56,               1.3652e-12
                  142.60,               7.2163e-12
                  142.64,               2.5000e-12
                  142.68,               6.7908e-12
                  142.72,               6.4184e-12
                  142.76,               1.3652e-12
                  142.80,               5.7979e-12
                  142.84,               9.5390e-12
                  142.88,               3.3511e-12
                  142.92,               5.3546e-12
                  142.96,               1.3652e-12
                  143.00,              -2.7305e-12
                  143.04,               4.5035e-12
                  143.08,               2.5000e-12
                  143.12,               4.2199e-12
                  143.16,               4.7872e-12
                  143.20,               4.7872e-12
                  143.24,               4.7872e-12
                  143.28,               8.5106e-12
                  143.32,               7.9787e-13
                  143.36,               4.0780e-12
                  143.40,               2.2163e-12
                  143.44,               1.6489e-12
                  143.48,               2.8014e-12
                  143.52,               3.5106e-12
                  143.56,              -1.6135e-12
                  143.60,               2.3582e-12
                  143.64,               4.0780e-12
                  143.68,              -3.3688e-13
                  143.72,               5.3546e-12
                  143.76,              -1.7730e-13
                  143.80,              -1.7376e-12
                  143.84,              -5.3191e-14
                  143.88,              -1.3298e-12
                  143.92,              -6.3652e-12
                  143.96,               1.0816e-12
                  144.00,              -2.4468e-12
                  144.04,               1.9326e-12
                  144.08,               2.5000e-12
                  144.12,              -2.8723e-12
                  144.16,               2.2163e-12
                  144.20,               5.9220e-12
                  144.24,               4.2199e-12
                  144.28,               6.2057e-12
                  144.32,               4.3617e-12
                  144.36,               2.0745e-12
                  144.40,               6.7908e-12
                  144.44,               3.5106e-12
                  144.48,               1.5071e-12
                  144.52,               4.7872e-12
                  144.56,               1.7908e-12
                  144.60,              -6.2057e-13
                  144.64,               6.2234e-12
                  144.68,               1.2943e-12
                  144.72,               3.2092e-12
                  144.76,               2.5000e-12
                  144.80,              -6.2057e-13
                  144.84,               2.7305e-12
                  144.88,               6.3475e-12
                  144.92,               7.9787e-13
                  144.96,               4.5035e-12
                  145.00,               2.9255e-12
                  145.04,              -3.1560e-12
                  145.08,               3.0851e-12
                  145.12,               2.5177e-12
                  145.16,              -2.0213e-12
                  145.20,               2.0745e-12
                  145.24,              -7.6241e-13
                  145.28,              -3.9894e-12
                  145.32,               2.2163e-12
                  145.36,              -9.0426e-13
                  145.40,               8.8652e-14
                  145.44,              -5.3191e-14
                  145.48,              -4.2730e-12
                  145.52,              -2.8546e-12
                  145.56,               4.7872e-12
                  145.60,              -1.6135e-12
                  145.64,               2.2163e-12
                  145.68,               5.1418e-13
                  145.72,              -1.7553e-12
                  145.76,               1.6489e-12
                  145.80,              -7.4468e-13
                  145.84,              -2.1631e-12
                  145.88,              -5.3191e-14
                  145.92,              -3.5638e-12
                  145.96,              -3.9894e-12
                  146.00,               4.6454e-12
                  146.04,               7.9787e-13
                  146.08,               1.6489e-12
                  146.12,               3.0674e-12
                  146.16,              -1.3298e-12
                  146.20,               2.4823e-13
                  146.24,               6.2057e-12
                  146.28,               1.0816e-12
                  146.32,               2.5000e-12
                  146.36,               6.5603e-13
                  146.40,              -3.1560e-12
                  146.44,               2.6418e-12
                  146.48,               3.6525e-12
                  146.52,               5.1418e-13
                  146.56,               5.7801e-12
                  146.60,               4.2199e-12
                  146.64,              -1.3298e-12
                  146.68,               3.7943e-12
                  146.72,              -4.7872e-13
                  146.76,               3.3688e-12
                  146.80,               3.4929e-12
                  146.84,               9.3972e-13
                  146.88,               1.2234e-12
                  146.92,               8.6525e-12
                  146.96,               2.9255e-12
                  147.00,               3.3511e-12
                  147.04,               7.9787e-13
                  147.08,              -4.9645e-12
                  147.12,               4.6631e-12
                  147.16,               6.5071e-12
                  147.20,               2.2163e-12
                  147.24,               5.2128e-12
                  147.28,               3.0674e-12
                  147.32,               1.2234e-12
                  147.36,               8.5106e-12
                  147.40,               7.2163e-12
                  147.44,               6.5071e-12
                  147.48,               4.3617e-12
                  147.52,               3.4929e-12
                  147.56,               4.4326e-12
                  147.60,               5.4965e-12
                  147.64,              -6.2057e-13
                  147.68,               4.9291e-12
                  147.72,               4.6454e-12
                  147.76,              -5.3191e-14
                  147.80,               3.0142e-12
                  147.84,               6.5071e-12
                  147.88,               3.0851e-12
                  147.92,               7.2163e-12
                  147.96,               3.7943e-12
                  148.00,              -5.3191e-14
                  148.04,               7.8014e-12
                  148.08,               5.0709e-12
                  148.12,               8.2979e-12
                  148.16,               8.5106e-12
                  148.20,               1.6489e-12
                  148.24,               5.1418e-13
                  148.28,               6.6489e-12
                  148.32,               3.4929e-12
                  148.36,               6.3652e-12
                  148.40,               1.3652e-12
                  148.44,              -3.0142e-12
                  148.48,               5.1418e-13
                  148.52,               1.3652e-12
                  148.56,              -3.4220e-12
                  148.60,               3.2092e-12
                  148.64,               1.7908e-12
                  148.68,              -1.3298e-12
                  148.72,               4.9291e-12
                  148.76,               3.7943e-12
                  148.80,               2.3050e-13
                  148.84,               3.7234e-13
                  148.88,              -2.1631e-12
                  148.92,              -2.5887e-12
                  148.96,               6.3652e-12
                  149.00,               3.0851e-12
                  149.04,               5.2128e-12
                  149.08,               6.6489e-12
                  149.12,               2.3582e-12
                  149.16,               4.2199e-12
                  149.20,               8.8830e-12
                  149.24,               4.0780e-12
                  149.28,               9.2376e-12
                  149.32,               6.6489e-12
                  149.36,               1.2234e-12
                  149.40,               3.9362e-12
                  149.44,               3.5106e-12
                  149.48,               1.0816e-12
                  149.52,               2.9255e-12
                  149.56,              -1.7376e-12
                  149.60,              -3.0142e-12
                  149.64,               4.9291e-12
                  149.68,              -1.1879e-12
                  149.72,               2.0745e-12
                  149.76,               7.9787e-13
                  149.80,              -3.4220e-12
                  149.84,              -2.1631e-12
                  149.88,               1.2234e-12
                  149.92,              -1.4539e-12
                  149.96,               2.2163e-12
                  150.00,               2.2163e-12
